-- phpMyAdmin SQL Dump
-- version 5.2.1
-- https://www.phpmyadmin.net/
--
-- Host: 127.0.0.1
-- Generation Time: Mar 01, 2025 at 03:43 PM
-- Server version: 10.4.32-MariaDB
-- PHP Version: 8.2.12

SET SQL_MODE = "NO_AUTO_VALUE_ON_ZERO";
START TRANSACTION;
SET time_zone = "+00:00";


/*!40101 SET @OLD_CHARACTER_SET_CLIENT=@@CHARACTER_SET_CLIENT */;
/*!40101 SET @OLD_CHARACTER_SET_RESULTS=@@CHARACTER_SET_RESULTS */;
/*!40101 SET @OLD_COLLATION_CONNECTION=@@COLLATION_CONNECTION */;
/*!40101 SET NAMES utf8mb4 */;

--
-- Database: `senior_connect`
--

-- --------------------------------------------------------

--
-- Table structure for table `administrators`
--

CREATE TABLE `administrators` (
  `adminId` int(11) NOT NULL,
  `userId` int(11) NOT NULL
) ENGINE=InnoDB DEFAULT CHARSET=utf8mb4 COLLATE=utf8mb4_unicode_ci;

--
-- Dumping data for table `administrators`
--

INSERT INTO `administrators` (`adminId`, `userId`) VALUES
(1, 1);

-- --------------------------------------------------------

--
-- Table structure for table `appointment`
--

CREATE TABLE `appointment` (
  `appointmentId` int(11) NOT NULL,
  `seniorId` int(11) NOT NULL,
  `professionalId` int(11) NOT NULL,
  `service_name` varchar(255) NOT NULL,
  `appointment_date` date NOT NULL,
  `appointment_time` time NOT NULL,
  `appointment_status` enum('Pending','Confirmed','Cancelled') DEFAULT 'Pending',
  `created_at` timestamp NOT NULL DEFAULT current_timestamp(),
  `doctor_response` text DEFAULT NULL
) ENGINE=InnoDB DEFAULT CHARSET=utf8mb4 COLLATE=utf8mb4_general_ci;

--
-- Dumping data for table `appointment`
--

INSERT INTO `appointment` (`appointmentId`, `seniorId`, `professionalId`, `service_name`, `appointment_date`, `appointment_time`, `appointment_status`, `created_at`, `doctor_response`) VALUES
(1, 1, 2, 'X-Ray', '2025-02-28', '09:00:00', 'Cancelled', '2025-02-27 23:36:18', 'Duplicate'),
(2, 1, 2, 'X-Ray', '2025-02-28', '10:00:00', 'Confirmed', '2025-02-27 23:37:12', NULL),
(3, 1, 2, 'Check-up', '2025-02-28', '11:00:00', 'Confirmed', '2025-02-27 23:48:33', NULL),
(4, 1, 2, 'Dental', '2025-02-28', '12:00:00', 'Cancelled', '2025-02-27 23:50:45', 'Duplicate'),
(5, 1, 2, 'Dental', '2025-03-01', '03:00:00', 'Pending', '2025-02-28 01:53:57', NULL),
(6, 1, 2, 'Dental', '2025-02-28', '01:00:00', 'Cancelled', '2025-02-28 07:03:07', 'Duplicate'),
(7, 1, 2, 'Check-up', '2025-03-01', '09:00:00', 'Pending', '2025-02-28 07:32:08', NULL),
(8, 1, 2, 'Dental', '2025-03-01', '10:00:00', 'Cancelled', '2025-02-28 07:38:03', 'Duplicate'),
(9, 1, 2, 'Dental', '2025-03-03', '11:00:00', 'Pending', '2025-02-28 08:08:07', NULL),
(10, 1, 2, 'check up', '2025-03-05', '12:00:00', 'Pending', '2025-02-28 08:14:18', NULL);

-- --------------------------------------------------------

--
-- Table structure for table `available_doctors`
--

CREATE TABLE `available_doctors` (
  `availableId` int(11) NOT NULL,
  `professionalId` int(11) NOT NULL,
  `is_available` tinyint(1) NOT NULL DEFAULT 1,
  `created_at` timestamp NOT NULL DEFAULT current_timestamp(),
  `updated_at` timestamp NOT NULL DEFAULT current_timestamp() ON UPDATE current_timestamp()
) ENGINE=InnoDB DEFAULT CHARSET=utf8mb4 COLLATE=utf8mb4_general_ci;

--
-- Dumping data for table `available_doctors`
--

INSERT INTO `available_doctors` (`availableId`, `professionalId`, `is_available`, `created_at`, `updated_at`) VALUES
(1, 2, 1, '2025-02-20 04:51:24', '2025-02-22 23:41:13'),
(2, 3, 1, '2025-02-20 05:19:40', '2025-02-22 23:41:21'),
(3, 17, 1, '2025-02-28 05:43:34', '2025-02-28 05:43:34');

-- --------------------------------------------------------

--
-- Table structure for table `classregistrations`
--

CREATE TABLE `classregistrations` (
  `registerId` int(11) NOT NULL,
  `seniorCitizenId` int(11) NOT NULL,
  `classId` int(11) NOT NULL,
  `registration_date` date NOT NULL
) ENGINE=InnoDB DEFAULT CHARSET=utf8mb4 COLLATE=utf8mb4_unicode_ci;

-- --------------------------------------------------------

--
-- Table structure for table `communityactivities`
--

CREATE TABLE `communityactivities` (
  `activityId` int(11) NOT NULL,
  `activityName` varchar(255) DEFAULT NULL,
  `seniorCitizenId` int(11) NOT NULL,
  `healthcareId` int(11) NOT NULL
) ENGINE=InnoDB DEFAULT CHARSET=utf8mb4 COLLATE=utf8mb4_unicode_ci;

-- --------------------------------------------------------

--
-- Table structure for table `fitnessprograms`
--

CREATE TABLE `fitnessprograms` (
  `classId` int(11) NOT NULL,
  `className` varchar(255) NOT NULL,
  `healthcareId` int(11) NOT NULL
) ENGINE=InnoDB DEFAULT CHARSET=utf8mb4 COLLATE=utf8mb4_unicode_ci;

-- --------------------------------------------------------

--
-- Table structure for table `healthappointments`
--

CREATE TABLE `healthappointments` (
  `appointmentId` int(11) NOT NULL,
  `seniorCitizenId` int(11) NOT NULL,
  `healthcareId` int(11) NOT NULL,
  `appointment_date` date NOT NULL,
  `appointment_status` enum('Accept','Dismiss') NOT NULL
) ENGINE=InnoDB DEFAULT CHARSET=utf8mb4 COLLATE=utf8mb4_unicode_ci;

-- --------------------------------------------------------

--
-- Table structure for table `healthcareprofessional`
--

CREATE TABLE `healthcareprofessional` (
  `professionalId` int(7) NOT NULL,
  `userId` int(7) NOT NULL,
  `fname` varchar(20) NOT NULL,
  `lname` varchar(20) NOT NULL,
  `age` int(2) NOT NULL,
  `gender` varchar(7) NOT NULL,
  `email` varchar(30) NOT NULL,
  `specialization` varchar(500) NOT NULL,
  `profile_picture` longblob DEFAULT NULL
) ENGINE=InnoDB DEFAULT CHARSET=utf8mb4 COLLATE=utf8mb4_unicode_ci;

--
-- Dumping data for table `healthcareprofessional`
--

INSERT INTO `healthcareprofessional` (`professionalId`, `userId`, `fname`, `lname`, `age`, `gender`, `email`, `specialization`, `profile_picture`) VALUES
(2, 5, 'MERCADO, RENTSCHLER ', 'ee', 26, 'male', 'wolfjay08@gmail.com', 'Cardiologist', 0x89504e470d0a1a0a0000000d4948445200000200000002000806000000f478d4fa000000097048597300000ec300000ec301c76fa8640000001974455874536f667477617265007777772e696e6b73636170652e6f72679bee3c1a0000200049444154789cecdd77781cd5b93ff0ef99ed4d5b542ce32ad9800bd88029066c02b19d46926b48a5184c0821e5a692dc7bf3bb370937b9c94d0284744880003184342e2de0604c08cd14536c19b9aabaca9225ed6afbccce9cdf1f6b39c6b1a4dd293b33bbefe7797820d19e99f7483b73de39e7cc3900218410420821841042082184104208218410420821841042082184104208218410420821841042082184104208218410420821841042082184104208218410420821841042082184104208218410420821841042082184104208218410420821841042082184104208218410420821841042082184104208218410420821841042082184104208218410420821841042082184104208218410420821841032316676008410428e6ff3e6cd4d002e1004613e80399cf3930044014400040f7f2c05200e6018c00e00db39e7ed009e5fb87061bf0961139ba0048010422ce4adb7de3a4b5194cb00ac00301feaefd31c403b80758cb1074e3df5d4d7f48a9154074a000821c464bb76edaacbe5729fe29c7f02c05c834eb3953176b7cbe5fad59c397392069d83d808250084106292f6f6f6982ccb5f04f07914bbf62b619873fe53c6d84f162c58305ca173120ba2048010422a8c73cedadada5631c66e06d0685218439cf36f2f58b0e0678c31c5a418888928012084900a6a6f6f9f2dcbf2bd00ce333b1600e09cbf2808c2d5a79e7a6aa7d9b190ca12cc0e8010426ac5962d5b2e916579232cd2f8030063ec7ccef99b9b376ffeb8d9b190caa2048010420cc63917dadada6ee59cff1f8aaff0594d8831f6405b5bdb2d9c736a176a040d0110428881dadbdbddb22cdf03e032b36329d1ef44515c7de699674a6607428c450900218418e470e3ff1080f7991d4b991e1745f1124a02aa1b75f51042880138e74c51943b60bfc61f002e76bbddf7d2704075a33f2e21841860cb962d3fe29c5f65761c1a5cd6d6d6f603b38320c6a121004208d1595b5bdb4700fcd1ec38f4c039bf7ce1c2850f981d07d11f25008410a2a32d5bb6cce29cbf0e206c762c3a49003863c182055d660742f44543008410a213ce39e39cff16d5d3f803c5badcc339a707c62a4309002184e8a4adaded5a5868911f1d2d6d6b6bb3f37c06721c94d11142880edadbdb638aa2ece09c37981d8b41fa65593ef9f4d34f8f9b1d08d107f5001042880e6459fe521537fe00d0e47038be607610443fd4034008211aeddab5ab2e9bcdf6a0725bfa9a65c8ed76cf9c33674ed2ec408876d4034008211ae572b94fa1fa1b7f008889a2789dd941107d50024008211a71ceaf363b860abad6ec00883e28012084100dde7aebadb3009c62761c15346fd3a64da79b1d04d18e12004208d1405114bbecf2a71bc6d8e566c740b4a304801042b47997d9019860b9d90110ede82d0042085169f3e6cd4d8cb13ed4debd948ba2d874e699671e323b10a21ef5001042887a17a0f61a7f00601e8fe702b38320da5002400821ead5d2e4bfb7e19ccf373b06a20d25008410a2922008279b1d83896ab9ee5581120042085189737ea2d93198e824b30320da50024008212a55f9daff13a9e5ba57054a0008214425c658c8ec18cc52cb75af1694001042887a41b303300be79c12009babc5d757c818f833777b87026c968bb3160ecce49ccfe4c024c6d00005f5606804103efc710f00ffe1ff5600240eff779e01831c1804c72018ef07677b18d0c3801ec1c13b83675fd357e9ba11528e8e8e8e698cb1e582209c23cbf229b22ccf50142502c0c93977288ae2e49c33cef971cb0b820097cb05a7d309a7d30997cb0587c3014110c0183bf26fc66c7f0b9600a400c4010c03d8c118dbce396f77381ccf8742a17e73c323e3b1fdb78fa833fce6dd11218ff3c0d9199cb1050016007c360047054e3f04603307b6007cb3933b5e0a2e5eb59d3176fcbb292106dbb367cf1459963f5128143e582814e68ba2e82ba73c630c1e8f075eaf175eaf176eb7dba850ed840368678cade39c3f1089445e333b20f2769400d488c4863b639cb95680291781b3f3c1300fd61a021ae41c2f31813fa770e1c9d8e2abdbcc0e8854b79e9e9e164551be238ae2072449aa1beb697e2c8220c0eff7231008c0ed7657c3d3bca138e75b1963774b92f4abc6c6c6a4d9f1104a00aa5af2e5dfcc53b870a922b0f732cecf41659eeef5b20f0c6bb982c722c3234fb2f77d216f7640c4fe38e7ceddbb777f239fcf7f2297cb4d55730c9fcf874020009fcf478dbe3ac39cf39f32c67e12894486cd0ea696d1b7b7ca8cbc72ef499c2b1fe39c7d14ac6a56294b30e01130fcb12e33e34976d14505b30322f6c23977767575fd309fcf7fb6502878d41cc3eff7231c0ec3e572e91d5ead1ae29c7f3b1289fc8c31a6981d4c2da204a00af0277eea49d4873e08ce3e056019aafbefda07c6ef4581dd11397f75a7d9c1106bebeeeef672ceefc8e5721f2b140a65b7dc8c31040201d4d5d5c1e9741a1162cde39cbfc818bb3a1289d0f55c61d5dc5054bda1d77e3b5d28285f00f0090051b3e3a93005e04f01ec47e173ae7e8a261092637576767e5614c55b2449f2aa29eff178108bc5e889bf32928cb14f85c3e1df9b1d482da104c086e22ffde60cc0710318ff0800ba3b016d9cb11f451cb9dfb133af97cc0e86986b6060e0a4783cfe70369b9daba6bc20080887c30885e835f74a638cfda8aeaeee6b342450199400d8c8d0c6df9e22c8fc9b00ff30e86f771cac17e0df0b6767fc86e609d4a6aeaeae1f663299af2a8aa2eafaf0f97ca8afaf872058e905999af3bb7038bc9a3146c9bcc1a811b181910d77cf5104f63f002e05fdcd4ac07680f36f86175ffd271a1aa80dfdfdfdc1919191bf673299456aca33c6100e87515757a777684405cef9e39148e4124a028c458d8985c59fbf3f0ab7f8efe0eccb00686591f2bd2a30f6a5ba73ae7ec9ec408871f6ecd9f38e542af5b824490135e59d4e271a1a1a68f11e8be19cdf1f89445651126f1c4a002c88f31b8591575a3ecdc1bf0da0deec786c4e01d83d02c3bfd59d73f5a0d9c1107d7577775f93c964ee946559559fbddbed466363231c0e3b2d9151536e8e44225f333b886a450980c5245ebefb440ef66b00179a1d4b951902f0f5c8e2d5bf363b10a28faeaeaeaf6632991faa1deff77abd686c6ca4c57c2c8e317679381c7ec0ec38aa117df32d82bff62bd748c1f375cef0ffc0a16aa112520af68454285cd7b8e4dafd664742d4ebeaeafa793a9dfe5cb9cbf78e0a040288c562d4f8db4302c0199148a4cbec40aa0d7dfb2d20feca6f5b3857d630e07cb363a9117106fe99f0e26be89d631beaececfc653a9dfe8cdaf2814000f5f534b266278cb1e7ebeaeade41f301f4450980c9e22fddfb49307e2b6a785f71f3b03b32cedc974e38f3fa8cd99190d27475757d35954adda4b63c75fbdb17e77c75341abdd7ec38aa095d0506ebeded9d27cbf227144559a4284aab2ccb0d8aa2b839e70ece399b967eddec106bdbc9ffc20124c1d820683f734bebeeeebe269d4edfa576ccdfe3f1a0a9a9891a7ffbeae79c9f1c8d46e36607522d68716b03f4f6f65e2d8ae2170a85c2bc4422a16a19525221c5d6a0eef03f2d00ce181d57966599c7e371dacfdc02f6ecd9f38e9191913bd536fea3affa51e36f6b4d82207c01c0b7cd0ea45ad0d5a0933d7bf64c1145f1f67c3ebfa29cddc6a667de30322c3291392b4bfe28ed676e8efdfbf7fb1389c4414992540d9331c6d0d4d4048f87e6d6568121499266d2f5a70f5aef52a3ddbb77cfdab56bd7b38944624f3a9d7ebfdaad4689f531c6e601b8c9e572f50e0f0fdf188fc76b6d032653a4d3e90d6a1b7f00884422d4f8578f98d3e9bcceec20aa0525002a71ce85cececebb92c9e4ce6c367b819aae49ba29d9569431f62d001dc3c3c35fe49cd37564908e8e8eef64b3d9856acbfb7c3edad4a7fa5c6b7600d582860054e8eded5d96c9641e922449d59d853186482452bc316d7f58eff04839ca1802180bed676e8cdedede79c964f22db5e3fe0e870393274fa68d7daa10e7fc8c6834faa6d971d81d5d1965eaeaeaba796464e429b58dbfc7e3417373333d955411c6d8f900de4c24121f373b966a92cfe71f55dbf803c5ae7f6afcab1363ec72b363a8067475948873eedcb56bd71ba954ea06ceb9aa9b522010405353135c2e97dee111f38538e70f2412895b684840bbcecececfe672b9596acb7b3c1e0402aaf60622f6b0dcec00aa01dda84ad0dfdf1fdcb9736747369b3d5ded3142a110eaebebe935a42ac739ff4a229158c339a72c4fa5eeee6eaf288a37ab2dcf18432c16d33324623d0b4746461acc0ec2ee280198407f7f7f706868a82b9fcfcf507b8c68348a6894268cd790cbe3f1f8439404a8c339bf4392249fdaf28140807ad9aa1f9365f902b383b03b4a00c6c139171289c42651141bd51e231c0ed3787f0d628c5d9c4824eea5e180f2b4b7b7bbb3d9ecc7d496678ca1aeae4ecf908845098230dfec18ec8e6e4ee3e8e8e8782d9bcdaa1e870c04020887c37a8644ece5b24422f103b383b013bfdfff535996553fbefbfd7e389db4c0692d5014e564b363b03b4a00c6d0dddd7dab96317fafd74be3900400be9a48242e333b083be09c3b72b9dc6a2dc7a0a7ffdac1183bc9ec18ec8e1280e3e8e9e9b9289d4e7f516d79411068c21f3982737e5b3c1e6f353b0eabdbbd7bf737254952bd3a96cfe7a3b1ffda42930035a204e0189c73219bcd3ea2e5fde368340a87c3a16758c4dec28cb17bd4be3e5a2bf2f9fc27b494a7d7fe6a0e4daed288128063f4f4f4fc46ed223f40710c926e44e4589cf3a5f178fc2ab3e3b0aa9e9e9e965c2e37556d794110e0f3a97e7180d81325001ad16c99a3ecdebd7b5632995ca5b6fce812bf841c0f63ec87c3c3c38fd07ee6ff4c96e5ef6a29eff7fb69c8adc670ce3d6d6d6d228038801e009b38e77ff3783c8fcf993387760b2c01f5001c4514c5bb655956fd3b0906833403998c67743f73720c49922ed6529e7add6a8fa22800e002d008e02c00d731c61e1045b16ff3e6cd77bef9e69b279a1aa00d500270d89e3d7ba6e472b9256acbd3fbc7a4149cf32f0e0c0c50d7e551bababa664892a4fae21104016eb75bcf90880d1c4e008ec7cf18bbd6e170b46fd9b2e587ddddddde4ac6652794001c268ae2ed5a26fe0583c1f227fe7159ede9885ef8983711a3d07ee6c7e09c5fcf39575ddee3f150f77f0d1a270118e5e29c7f2d994c3eb375ebd6c99588c96e2801384c14454d9b4ba8ea8294252da7247a30e76f40fb991f455194f76a29eff5d2035e2d2a140aa57e7471a1507875cb962d0b8c8cc78e280100d0dbdb7bb52449aaef224ea7535d17a4423d00a6e325df4474c3189b373c3cac7a91a96a532814e668294f09406d92a4b292f7a99cf3b59b366d9a62543c76440900005114354dcc523d01a990d3725aa20793fe06b49f79514747c7342dc9b72008b4f84f8d2a330100801304417864c3860df4bee86194000028140a9a3695f0fbfdea0a8af4a68ae9f229b3ce4cfb9903608c69fa3d50e35fbb445154536c513018fc0fbd63b1ab9a4f007a7b7be769597e54d31388685ae3434699f737a0fdcc010882708e96f2f4da6d6d124511b2ac7a08f5069a145854f309802ccb9a961fd5f4fa518ed683319d797f03dacf1c802ccba768294f09406dca66b35a8a076459fe865eb1d8192500b27ca696f2aa13004506b2435a4e4df4901d346d3226ed670e288a32434b791a02a84d1a130070ceafdabe7d7bcdafc751f3090080995a0aab4e0072c366bc834e8ec515206f4e2f00ed670e288a12d6529e36ddaa3d9224a91dff3f5a4092a4f7e9118f9dd57c02204952a396f2aa6f40a93e2da7257a4a9af3b7a0fdcc01ceb9a625fc04a1e66f61356764644497e370cedfa9cb816cace6af1e736e401c18d9abe5b4444f237b000d2bd16950f393001545d1f4084f09406d511405994c46afc3d5fcc240357ff570ce2b7f034a1fa23500aca49003b287cc3873cd8f416abdfe6809e0da924c26a165d9e863b4ea7520bba20480734d77105509c07097965312230c779b71564a00345e7f9400d40e599675ebfe3f4cd3fc936a400980c66cb2ec1b503e49e3ff56943c00e475bdb99442f5fa13d5a2e2d71fb1ad783caee7d33f40d71f25001537b8138029e3cd645c1c18ea303b0842c871e4f379a4d369b3c3a83a940054522e0e2469f29f6525f6145fcf24845886a2283874c894393a558f12804a3ad866d66c7352120ef4b5817a6808b18ec1c1412dcbfe927150025029f11e5af9cf0e72c340bcd7ec28082128bef3af75d53f32364a002a213f021cdc627614a45407b798312190107294743a8d789cf64b3112250046536460ffeb00a72e2cdbe032b06f23fdcd083149369bc5d010f5981a8d12004371e0c0eb403e617620a45c62f2701240f30108a9a4743a8d43870ee9fdca1f390e4a008cd4ff1690dc6f761444ad545f71e22621a422464646303838488d7f85d066da4639b41d18ea343b0aa255bc1b707a80863966474248d5e29c63686888def5af304a008c70687bf11f521d0e6d2fce07689c6f762484541d499270e8d021489264762835871200bd51e35f9d067715ff4d490021ba49a7d3181a1aa22e7f935002a0a7521b7fa70f98742a1068020493ff044a01c80c00fd5b8b13df2ac1aef5a72480107d283230d08ec17cc4ec486a1a4d02d44b398d7fcb4540e804f31b3fa018437032306329e0f41a7f3ebbd77f701730d06e7c5c8454ab7c12e87d967645b5004a00f4504eb7ffa4530187dbd878d470b88bb119ad1aea4f490021ea2476033d7fa785b62cc2028f603657ee987fa0c9b858b40a4caac039aaa4fe341c4048e90e77f9d353bfb55002a08157490187769a1d868e6a7d224e99f5a724809089e593c0fe8df4d46f413404a092574921b7737df9053303fa07a397740562abb6fad370002163a32e7f4ba3044005d58d3f509c6d2e8bfa06a407590406b61a7f9e6aac3f250184bc9d221757d13cf006eda961619400944953e30f145f35ebfe1b90dc577c05cd6c4aa1b85c71ef73809832fe7cd55a7f4a020829a259feb6417300caa0b9f11f55c815379aa955d55a7f9a13406a5d6237d0b7999efa6d82128012e9d6f893ea464900a94534cbdf962801280135fea42c9404905a42b3fc6d8b12800950e34f54a12480d402eaf2b7354a00c6418d3fd184920052ada8cbbf2a500230066afc892e280920d586bafcab062500c7418d3fd1152501a45a50977f55a104e018d4f81343501240ec8cbafcab524d2600975c72c95c00dfe59c9ff3ddef7e172d2d2d58b264094e9a1a33a5f1e71ce83a308cad3dfde8e98ba36f388d7832879c284156b4adcfef1018bc6e1722212f9aa301b44c8e62ee8c46b44e8e82319d2aa051cdd4ff7012d039e2c5134f3c81f6f676ac5cb9320560bda228fffee8a38feea87044844c2c3f525cb7434c9a1d09d199459a80cab9e4924be672ce5f02103ef667b39a43b8e8d4c998de182cf978d3a74f571dcb70328bf5af776143fb5e0c27b3aa8fa34634e4c379f3a762f9a2564443be8a9e7b54add5bf73ff301e79613bdaba0e1eefc7c38aa29c5b6b49405b5b9ba60c4fcbf5474a607097ff6eff19861cb7540b162ca8b936f068b5d803f07d1ca7f10780cebe243afb92aa128172a4b2221e7c6e2b9e6fdb8d82ac18728e890c27b378fce55d58b7b1134b17ccc0a517cc45d0e7aec8b96badfe1334fca3a282207c1fc025860441483964b1b88e7faacfec4888816a2e01e09c2f9be833462602af6cdb8735eb362395b5c6863892ace06f6f7663e38efd58f5ae05387bce1443cf574bf52fb1e13fda3b753b39216aa50e149ffa0b39b3232106abc50420c9180b94f2d9d144607a4300ef5c78025a27858efccce3f1201c3e6e47c271c98a82fb9e6ac3336ff6941d7325243379fcf2e18dd871c6202e5f7e0a1c82befb44d552fd5534fc0000b7cbe14dbc7cf7c7c582f278e3926b69c09554962c1527fac57b2a764a060e5e7b23d196517309405324d03990c834975366f7a134ee797a17663587b0e28c6938eda4e9f07abd2597970a327ef1f0466ceab07e77dad36f7461702483cfad3c0b2ea7439763d64afdd536fca34e6d9de4e6600fb89c8e4cfca57b1e608cff20bcf89a5daa0e46483912bb8b8d7f215fd1d3322e83b39a6b862ca36652af3deb7e72622e977ff8c0a1c4bcdbfeba035951fd56b4f3673662e5d2b938714a6cc2cf2a9ce3170f6fc4eb3bf6ab3e9f1916ce9a842f7ce81ccd3d01b5507fad0d3f0004bc6e7ce3aa0bd01c7bdb709304b01f87b3ca37d945d754657f2c4d0234593e011c6c033283a69c7e9f773e64c163cab9019a04581395ef5e7bcb8dd94ceebf0ab2ec0080c1641e8fbfb6071d07b4ad64554a2270ef939b2cdbed3d916567b460d5bb166a3a4635d75f8f861f287e8fae5cb11093ebc79c6bf2b2cbe9b83470e6aa039a4e6441940098a490030e6d0712bdc5f7704dd2e79d0351f09b767e4a00aa58d7d337cf90d2cab3f95c6ec6f17ebe77308d67dfeac38e7d094de739714a0c975e3017736734beedff7f65db5edcf6c86b251f47a88bc17de219f0cc5e0821dc00211803736bcb8eb99887921a821c1f80d8b119e2ae37a024874b2effb99567e12c9513e3aab5fe9dfb87f1d8861dd8dc79105cc3cdb3f8bd9987b9331a4af9f85e05ece2d8e2abdb549fd0822801a8302e03435dc0e00e4051df0baa97414f0bd28ea869e7a704a04aed5ef7a377a5d2f9470b9234610b62442290ce49f88f5f3d856409b3dd1da1287ce7ff0b3c0b968209fa8cbb8f8973883b5e43ea6fbf87323271b75fd0e7c6f73fb5bcec57e4aab1fe2635fc473060bfa4b0b31bcebb7a9fea935b0c250015c26560b80718da65a9d9fd09d764245c934d3b3f250055a87bed2d37a6d3d96f2a8a5256fdf44c04827e37dedc35f1a437cf89a723f881ebc1dca54f2ad4031773483e7a3bc48e4d137e76c5a2565cb1624159c7ffed939bf1b737bb27fc9c1dea7ff69c29100bb2690dff315e4f2afea5d3cefb6865574e3208250006536420de7db8e1afec04bf52641c111cf2b49a767e4a00aa4ce7e337ff2e9dce5ca6b67c3014c47096e1b10d3b0c9fb5ee5bb40281e597c3b4357939476afdfdc8bd3efef2c72e87809b3ef32e4482a535d2c3c92cfeedf6a7204db0c88f5deaaf954e0dff111cf87674f1ea6fe97230935102609042aef83adf705771511f8b929913fb7ce53d5ce8a9d61380aa7affa2ebf15bd6a4d269f58d7f30885834865814f8d287171fe9f2352211f09c78bab98d1f003086e0f22ba0240e8dfb242cc90a9e7ea31b1fba606e49875dff7ad7848dbf9deaaf96de0dff2806dc907af5eedb82675f63fdf72a496565878a4ffc23fb006ece2a9be570f0025c3c078955b6079014e9bbda8b89ba1effd17fa5d3e92bd596f779bd88c6de3e1965d609517ce9c38bf18dabde81d36697b574c0b81ca128821fb8dedcc66f1463087de07a08c1c8b81fdbd0bea7a4c9c29c031bdaf78efb193bd6bf1c274e89e1df2f5b82ff5c7581ee8dff61810267df34e2c0c48664b1f8a4dffd37a0f73920b1c7168dff28afaced6d2ca25e552400bdeb7f3a2f9bcdfcb7dabe4487e040acbe016c8c1111bd1301df924b2a3ee63d1ee6f1c1bf64e5b89f194c64d0d3179ff0585d078627dcd8c78ef52f45051afe7fe0b86ae085bb42137f905425452eaed3bf6f23d0f1d7e2bbfc797b36a481c290d921d4acaa1802c867726b6545519dcc446311381c13171f4d04b40c0d08753178172c5113a6a13c0b9622fbe22390c779456e6b6f3f5a268fffa4bcad7760dc9fdbb9fe6331aaab7f020197c3f93e007fa8e44989891409481d2caed59f3a6889d7f8f4e05632340c60120bf4c16ad3b3f6d64b4752c907a1f2f1dfe5726172f36455bf898e7d4378e4c51dd852c64230be452b10587145f927ab80f4ba35c8bef1b4a1e7a8a6facf9fd984954be794b422a4417e1d59bcfa7ab34eaed6873ef4a1565996bf03e0428fc773424b4b0b962c59a26a429f1e930039e7e8eaeac2d6ad5bd1d3d383bebe3ec4e371e47239c8b2b66d701d0e07bc5e2f2291089a9b9bd1d2d282b973e7a2b5b5156cc221300ee41240ba1f480f00d94143baf6392ff6dc6dede9474f5f1c7dc369c49339e44409b2a26d912087c0e075bb100979d11c0da0657214736734a27572f46d238049d7240cbb8cdd886cd4debd7bf1c20b2fa0b3b313f97c7e2f80bf03f8c6c30f3fdc5391002cc4f60940c75f6eda98c964cf545b3e1a8d2214d2d6935a4e2250f7d1afc0dd6adeacd7f1489d9b91f8d3ad869ea31aea6f81867fd4cb91c5abcf353b88725c72c9257339e71b00fc5357d2ac59b370d1451795d5a86b4900868787b17efd7a6cd8b001c3c3e5f7fc68118d4671de79e761f9f2e588460fcf3de20a901b2e4ee4cb0c16ff6de00cfee16416eb5fefc286f6bd130edbe92d1af2e1bcf953b17c512ba2211f3873609ff71428ccb87540f6eedd8b679e7906bb761d777b8d614551ce7df4d1477718168005d97e084012a553b4942f67539fb1cc9e12c30d1f3d171dfb86f0bff73f3f6ed6ec884ed27c3ea3089126c3cf61e7fa3b1d02fefdf2255668f84799f702b57adfc7711a7f00e8ecec446767a7aa44a01ca9540a0f3ef8209e7ffe79140ae674a30f0f0fe3f1c71fc7ba279fc4d233e7e2d20be623e8102b32792f9515f1e0735bf17cdb6e1426785bc728c3c92c1e7f7917d66decc4d2053370e905731172f61bb228d0040dffa8a82008df077089ee015898ed1300595134ad15eb74eaf72b983d2576b85b6fec0440cfd9e67a13ea8c6fd8ec5c7f0658a9f107184adf8fda2238e7cb26fa8c9189c02bafbc82356bd620954ae9764c2da442017f7b790b36b6edc4aa772dc0d92a97dd2ed52bdbf661cdbacd4895b042672548b282bfbdd98d8d3bf6e3ca779d86a9a7bf1bb24ebb0396d8f01fed9dba9cd8466c9f0094bbdadfb1261e87d399891b6f4c48a9c0d340add75f4f1ce66da356a63d8fdd36457266befe5ff7bce4c9e44b7bea1e4d04a63704b0ecb42938a5a5091eaf176ea71b0e9713021380ed6f94742c595170df536d96dd982a99c9e3970f6fc48e330671f9f25334efc2792c3bd4ffb6875fc1057b9378e7fb3f0a4143fd5534fc0000b7cbe14dbc7cf7c7c582f278e3926b93aa03b011db270056e37139c6ed565352713862faad29a0272565fc38a89debeff5b82a1449f5e8feeb8fde5390e49fc4730327710ecc6a0e614b6f79dfb3dd87d2b87bfd4ecc9f397c78f7cd31774d3c2ea920e3170f6f347c654f3d3cfd4617064732f8dccab3e072ea331e6ea7fa3ff7da561c4ade870f7fecf2b27b67d536fca34e6d9de4e6600fb89c8e4cfca57b1e608cff20bc1d068cec0000200049444154f81a7507b389aa5807c04a2221dfb83f97e3fd158aa47c4a7cfc57f8f460e7fa8703b679e036dd8e676e6ee8f8cb4d1b5323a9b5d96cf6a4d18e9fe50b4f80cfadeeb9a3bd6700df5df31c6efafd8bd8b5afb477c715ce71fb63afdba2f11bb5a9a30f3f7fe855c83af448d9b1fe5b7774e0f7bf7f004a89f5dfbb772fd6ac59835ffffad7aa1bff80d78d8fbc63dee8fff483e15a0ed61e7ff9de1ff267eeaedaf7132901d059733430eecfc58ecd158aa47c790396c33d969deb3fb9bebc27cf5ad5f5e48f5728c3d29e4c267be6b1033ed1a0079f7af7c9983db94ef5f1cb4904d6acdb8cd777ec577d2eb36cee3c88dfaddfa2f93876adffce9dbbf0c4134f8cfb193d1a7e00983fb311ffb5ea0234c7fee9fa7601fc6b091f7b26fdda1af3b62c34100d01e8ac657214afef3c30e6cfc55d6f802fbfdcf86d6fcbc41519d2040de0472e9c878b179f34ee67fef2d24efcf9d9ad63fedccef59fd96cdd098c56d1b9f6d6cbb2c9d47de32dcc551ff2e0aa8b666bde7db3bd6700ed3d036fdb86fb68af6cdb5bd698b7501783fbc433e099bd1042b801423006e6d6d6ebc3c53c94d410e4f800c48ecd1077bd01a5c4c5a69e7ea31b73a637e02c951303ed5eff575f7d152d2d2d983f7ffedbfeffbd7bf7e2d9679fc5ce9d3b35edce397dfa745c76fef45216f05a2c15e457875ebef7e2d8e2abdb549fd0822801d0d9445f2625398cfc9617e05df88e0a45549afce6e7265c056fde3137d8e3a9f5fad7b2ae277fbc62a2c6ff6853eb03b8e21db3342702bbf60de1070fbcf8b644209d9370dfbad2eed58e5014bef3ff059e054b754f4c99db03476c321cb1c9c5f52f565c0971c76b48fdedf7504606272c7fef939b31774623823e7759e7ad96fa3ff6e82368696981dfefd7b5e15fb66c195a5a5a303d53da2452005305f0c7d3afad393b70e6aab19ff06ca6e613000e7d57436a9d1c4334e41b77618dccf30fc133f71ccbac87cff359a45f7878dccfd487fd98d91c1df73300d5bfa2182cb3c1fbf043b746fa32d947d42cc93db53e802b2f9c8d8ce2c5da8d9daac7ab8f4e04827e379225bceae639f174043f707de5be8b8cc13de72c445b4f45f2d1db27dc85329515f1c80bdb71c58af216cf7af0d9ad5551ff4c3687b58f3d845c01ba36fc2a4d950af2637b36fc71e9b4f33e5ad995930c62fb390082e0d0345346d1b8d4e7b11803ce3f65daf8e74cc5917cf4766bbc12c739461ebd1d3c3dfed3d779f3a696b4795fadd7bf9218c7c48f501532e82a3c2549d2f83360c711894470f28c465d36dddab56f086fee9a3889f02d5a81d0a55f302511656e2fea3ef44578172d9ff0b37fdfd483782a57f2b18793593cdfd63be1e7ec52ffcded3bb063c70ed58dfff4e9d371cd35d7e0939ffca496c67fd4a2a090f90fad07b10adb27000e41d0f414242bfa260000b0ec8c16b826d85c48ecd884d4fafbcd6d043947eaa9fb20758e3f31cfe510b06c51e98bced57afd2b850396e88aecfeeb8fde93d5b01cb7cbe54430f48f0958466dc37d34cf89a723b0fc7273b7a4660cc1e557c03dfbb4713f26c90a9e7ea3bbe4c3ae7fbd0bd2042bfcd9a9fe6ae9dcf01fc1801b52afde6dcd7799cb64fb04c0e972f468292fe6f55f112b1af2e182853327fc5ceef5f51879f027e0f9caf726f17c16893fff18b91236bfb9f0b49988044b7f4aa8f5fa570cc3ab668700000549fe899634ae2e143eee56dc4625028e5014c10f5c6f6ee3378a31843e70fd842b646e68df5352aecc39b0a17defb89fb163fdcb6154c37f944081b36f1a71e04ab37d02c098e3052de5f3796386512fbd602e42254cdc113b3661f857ff86ec6b4f811bd01b712caec8c86dfa3b86eff8fa844fbe0050e7f760e5d239659fa7d6eb5f098cf397cc8e61cf63b74dc9e572e3bf1a320e2608f007fce37e46ef44c0b7e412cbcc3f0100e6f1c1bf64e5b89f194c64d0d3179ff0585d078627dcd8c78ef52f45051afe7fe0b86ae085bbb4ed226701b69f04e8e1feffceb2f4756a7b9233d92c629cebbe2470c0ebc2aa772fc42f1fde38e167954c12e9f5f723f7ca1370cd3e1deed90be1883442a8ab0773697c0d47ca43191984121f40be6333a48e37cbdaf3feaa772f44c05bde0c6480ea5f0159d9293e6a76109233f3752d13b3fc3e6fc9d7de6822d0b97f188f6dd8a16ab2a050178377c192b2cb19cdb36029b22f3e32ee77736b6f3f5a268fffa4bcad77fcc5acec5cffb1e830b94f8d80cbe17c1f803f54f2a47ab3401f9076bb1efd614f36979ba1b67c7d7d3d0281f117f0516bcdbacd658ddf59c98a45ad65cf3e3e56add7df281cb82fba78f52ab3e3d8f9e80fb7e772b993d5968fd5c7100ca85b60a99c6db847f916ad4060c515aace67b4f4ba35c8963024a54535d57ffecc26fccbd2799834732e92ce46282a36112ae335c0e3f97564f1eaebb51cc06cb61f020000a7dbf9692d99ccc848027c9c1dfcb4b862c5022c3ac97e8b489d36bb191f5fa669a76500547f83c84e2e7ccfec2000a0a0c853b594773bd5f7ae8c6ec3fd5fab2ec0a9ada56d33ed9a75aaeaf319cd3dcbf864b31aea3f7f6613fe73d505f8dac7cfc3495322084b073025f716a2d25eb878e96f4be8c09a4f0765a88a04a0e53d5ff9abc7e7dbaeb6bc2415904ea5f50ce90881317cfa83671a369bd908a79f38199f5b79962e3b92d57afd8dc1ef0c9d7bd536b3a300005e5054bffa07000e1d36bc393a117008e33f0a38a2a5250a6610224d869fc3cef5773a84230dffb1db7233ae2024f56372762b9a73db10920ec2a56430ded6ec3ab0deab4165b2ea1dae6c75b1e03b9c4ea7ea29fdc3f1614892a4674847b89c0e7cfed2b3b1dc82af921d6bc5a2567cfed2b375db890ca0faeb8aa1532a285f333b8c510a2f7fe19fa369d9f6f558b3a7c4269c4fa0e76c73bd0975b1893fa4f51c36ae3f03fea9e13f1eb7924554da87c9b9ed98926943a3d88db0b41f0179086e250327cf43e00530adc9014358db01cc67fb4980a39acfff4c7fe7da5b57cbe9f4fd5c51ca1e11e00ac7e0a141344d9a046182a708351c82802b572cc0c9d3eab1665d1b46329659c40d4071b6fb55ef5e88334f3ec190e3d77afd7592e0903f64a5bdcab54c0004a0fbe4db095961f1a9b1e8b0fbdf846aacfe0ec8f01586a1a99b6a2c1cb6df1eb46a12000098f5de2f3fd0b5eed6583a9efab99a317d51123130d08fa6c6263003920000386bce14cc9bd988879edf8e6737f54cb86087d15c0e01179e36132b97cea9c86cf75aafbf066905c2fb63e7acb6ee768a16e071395018e73ba5a4e270c4ac391ca5a4ca9f015ffe39ec5b7fafc755a1486a4755250000d0faae2fffa277ed8ffb53d9f4efe4825c76fdf2f93cfafafbd0d8d008a7d3985f4fc0ebc6952b16e0fde79e84a7dfe8c68b6fedc6d0486517c3a90ffb71debca958b6a8b5e28bdcd47afd55d803265c1a3be7aad7cc0ec4ea22211fd2b9b187f2e478bf751bc0f8f8aff0e9c1cef50f076cffc06d3955970000c08cf77ee94f7bd6fd6453369f5f9bcbe666955b5e1225f4f5f5211a892010346e0ff848d08b0f5d3017972e9d8beebe616ceb3d849ebe380e0c26319ccc222fc9e33ecd94c2e910e0713910abf3a33916c4cce630e6cd68c2cce688e90b81d57afd4bc019702f63ecab75e75c659975ffadac391ac0be8191317f2e766c2eee4a6741f90936c6d1839deb3fb9deb87b71adaaca040000a6bdeb8bbb00cceefdeb8fafcbe5f23fcc8bf9b266bf288a82c1a121a4d269442261783cc63d253206b44e8ea275b2c5769bab905aafff7131feac00e1eb75e75c6dfa6a7f76d232398ad7778ebd4582b8eb0df0e597ebbeedad565c91214dd0007ee4c279b878f1f88b2efee5a59df8f3b35bc7fcb99deb3fb3d9ba1318edaa6ade0218cb8cf77ce98e9357fe7b3410aafb9cdbed1e2ab77c3e9fc7c183fd3878f02072b98abe634a6a10075e5438ff60e49c6b2ea4c6bf7c7367348cfb7325398cfc164dab871b22bff9b90957c19b37a371c2e3d47afd4979aa3e011835ebbd5ffae59c95ff51af2511e8efa744801863b4e18f2e5ebd2476ee358f991d4fa5e83d27bd75720cd1d0f873be33cf3f042e5ae71ae6f92cd22f3c3cee67eac37ecc6c9eb887acd6eb5f510cd67a9549859a490046512240acc4ee0dbf2038344dd250647d3780620c38ff9469e39f331547f2d1dbadf14a1ce71879f476f07462dc8f9d376f6a4973566abdfe95c4386c3f2fa7e612805194081033d9bde11fe510044d4f41b2013b402e3ba3052ec7f8b736b1631352ebef37b711e41ca9a7ee9b70574a9743c0b23216d1aaf5fa570a07c69e6c6213359b008ca244805452b534fca39c2e478f96f2625ef5e29d638a867cb860e1cc093f977b7d3d461efc0978beb2afa002c56eefc49f7f8c5c099bdf5c78daccb25e55adf5fa570cc3ab6687a055cd2700a328112046aab6867f14131c2f6a299fcf1b338c7ae9057311f24dbcb093d8b109c3bffa37645f7b0adc80de88637145466ed3df317cc7d7277cf2058a2b54ae5c3aa7ecf3d47afd2b81716efb49ba161b55b18eceb53ffeac94cf7d471445550b747b3c1e84c36178bd16cc5c49c570e045cef90faaa9d13fda9ec76e9b12cf0dec55db93cc040153a74c316449e057b7efc32f1fde58f2e71da1285cb34f877bf64238228d10eaeac15cda169fe1521ecac82094f800f21d9b2175bc59d69ef7ff7ac9d9aa97a7aef5fa1b2cab38f39363675e3ffee4058ba304600294081035aabde13fdace477ed09bcbe7a7ab2d5f5f5f8f4020a0674847ac59b7194fbfd16dc8b18db662512bae58a16dd19e5aafbf5138705f74f1ea5566c7a1150d014c8086064839aab5ab7f3c2e8feb7a2d4f12232309a8d9bba31457ac588045274d36e4d8463a6d76333ebeec14cdc7a9f5fa1b447672e17b6607a107ea012813f50890e3a9a527fee3d9f9d84ddb72d9aceac1da582c86a041cb6e4b0519bf7878233675f419727cbd9d7ee2647cf65fced46d4bea5aafbffef8af228baff9b4d951e8811200952811200035fca3bad6df31293732b0bb5028a8da5291090ccd939ae17219b3e39bac2878e0e9b7b0fef52e438eaf97158b5a71d9f25321e83c27a2d6ebaf1b864e49924fb7d296dc5a58f4b76c1f6d7ffcb6a6becbe9d3550f9d120b882c5e4dd7d0619d6b6fbd4cee1bb8bf6ecf2116184ac2952dbee227f9dc48c742484c6d407e9cd7b9dc2e379a264d8260d056dc00b071fb3eac59d786918cb51671abf37b70d5bb171a3ee1add6eb3f116168048e1dbd70ec1f004b6500003ce8877c42230a27cf4829f58125d173aead9a2db9e9e6a5d18e8deb8f9f00280a78210788494843bde072e1b81fb35402e0f402ee10e0f2024ce7ee372e0352f1f781820de642080ec0530738bc80c305b0e34f9789ccb990ae2100fc231f714b75d2ad60fc331863cd36ce18e2d31ad07fd254f0311a798fc783a6c62630039380744ec443cf6fc7b39b7a2069dc6d522b9743c085a7cdc4caa57310f0aaea3c295badd7ffb86405ee97df82737bd7d8eb533328007ee98abb6e607ffa93fe0b5898806e5e1ab5b5b54dd803c01883dbc1c032fd90f66f869cfb47ef91e90980270c44a6038166c06dcc4cec7f22a680541f90d80de4c7debab5e29c5e203405a89b0278236336fa478b4422357f0df18f7cc42d85a5b500de59cae7d3f521ec3d7df6984980cbed426343239c4e63372b8da77278fa8d6ebcf8d66e0c8d5476319cfab01fe7cd9b8a658b5a4d5be4a6d6eb7f84acc0f3e40638f61f2ab5c4d3ae84eb7dd59004d4fccd4bab521280a3391c0eb8e524c4ee1720e733e62500de30d0381f08349973fe51a983c0c056206fe2ebb44e0f507f32109e517cf22f0325008078edca5f80e1b3e594199ede848373a68ef9734110108d4410306862e0d13807bafb86b1adf7107afae2383098c470328bbc24a3a0f109d9e910e0713910abf3a33916c4cce630e6cd68c2cce68865d6b6aff5fabb5f6c83735bd973237ee6bef3e12f18114f2559e44f605fe52600a35c4e271c43dbd1e4acf013301380c6b94074f6583db595c73930b40b38b4adf26b93874e009a4f031ceaba1f6b3d01c85f7bc9298cf14d00caca9c3863e839770ef2c1f177aef3783c8844c2f07868b22cd19f303402ef43cfa8b9efc89cc90b3d773cd66e445c9542eb0098442a14900f9f083455f05d57870b98be04889d689dc61f28c6527f12306d092018330bfcb8269d0a4c395b75e34f00c694eb5066e30f008c7384f74dbcac463e9fc7c183b48e06318673478fda870e0783f35a9dc3a9384a004cc4390762b38b4fa046737a80e94b019faab7162bc35f0fcc585a8cd568934f07a2b38c3f4fb5636cb9daa281c1d2877d68412d6204c7fe01f585395fa15f24e6a004c00a22338b4fc046717a8069e71767b55b9da7aed813e034b0cbb7614e71bc9f68c7a17a128b2b2b96fde8458900d1131bc968d901c9f637114a00aca2612ee06fd0ffb84e4fb1dbdf0e8dff284f0898769e313d018126a0e164fd8f5bbb544fda101425494b6c13338c2ed90d59cea83e083368fdea0aa204c02a1803262d2ce9d5b3928d3ef9bb43fa1db3528ce809604271dc9fe6beea87618feab21cbb69af0d5249ffb45787c6efaf8ea1998212002bf1848068ab3ec7b2e393ffb1f4ee0988cdb2673264650a9e525d9663dde87f5222408c34e6265d3a7d7fed8a1200ab693859fb53ef68e35f0d8d9da7ae5817ad4980cb5f7cd79fe88a83dd0940cd38aacc157ed7b1ff272502444f13edcea9f7f7d76e2801b01ac1557c35adcc05698ea8a6c67f943ba42d09109cc094b38aff26baf2dcf5d05b60b8adfc92fc179ebb1fd93ad64f2911205a94ba2db751df5fbba004c08a7cb1628357eefbe9ee40f155bf6a6afc47b943c539012e7f79e59cdee2efd21b35262e0257dc750380a7cb28b2de254cfa6a291fa4448094a3d486ff68467e7fad8e664369a47625c051e32e055cc81697c94decc5b893ad0507109e5e5cdab7da9f721509e8df0a8cec0694f17aee18503715689a6fe82b85b5be12e0a8c3fb01dc0ce0b3187b612019e0bf700993beca7efd6b49cd79681b6e723c5ab7e5aed4f7d76ae8e6a591a109c02831098cec03320380982eeeacc71cc5f5fc7df5c577da2bb1788e95147240bc17c80d01b9c43f7e27ee00e06f2c6ee853819e104a00de2e7fdd07e63338af3dbc48caccc3ff770f38d67185dfa557b729250204d0def01fab52df5faba09b97465bb66ce15cc3faf5d3a64d03337b595e3105a40f02e943c5ff2ee48a4fda7a125cc56d86dda1e28a7f95dc7dd0288a8c48ac9eae2113b5fdf1dbc627e0c4b2228b57d3f5a74195f7171b8f31062d0900e7dcbc0420d557dc84273368fcb91409c84b403e0924f703d852ecbda83f1108361b7f7e23702d8b88114288b92801d0486bdbad2579502d3f02f46d06b21568f8c7931d04f60e167b04269d567cefdf4e9482d911109b92a50c32f16e00803fd20a876bfc5d11abedfcc41a2801d048604cd54ba4a3144581c3a1f2953f3546f600073659ebe9353308f4fcbdb82952789ad9d1948c718d9ba513cd18d3b683b4193d70073bd6e2c0d6ff837278988d39dc9832ef5234cd7a4f65cebf6b2d0e6c33effc3a52bf8c2f0140af016a26685c0f5a512ad8860cee04f6bf6eadc67f14978103af1787246c4291250bfe226b8bc0044d179052e11eb8a1bd2f61df5b7f38d2f802009745ecddf27becdffaa0e1e7dfbff5cfd8d77efcf30fef7bc5f0f3eb2c697600764709804602d3d69aca7285da90c4eee22b8556d7df0e8cec353b8ad2c8f9bcd921d43ac61c9a2e205ec9041cc040d7fa317fd6b7f331439380fd5bff8cbe9d7f19f3e7039d63c76651940068440980464e143475434952055e275564a0ff2de3cfa397fe2dd6eca5380693b287cc8ea1d63904a6e9faab58027e5836b16fdc9ff7ed7c0cfbb7e99f04ecdffaa7711b7f00c8266d9278ff83ed02b61a4a0034723179fc2b7a02854205269225f701b268fc79f452c803c9036647313139d7657608b58e39843e2de5a54265d773f1f8275eb6a06fc763d8d7fe07ddce7960dbffa16fe7e3137eceed33603b7263ed343b00bba3044023879cdda2a57c4512807cc2f873e82d67fd98b998d1f4b727da399c8e4e2de50b5265dfe4889c7066499f3bb86b2df6bdf507cdaf18efddf27b1cd8f16889b12d527d2e93d867c290455102a091534a3ea4a57c458600b81d27ab5b3d660e9e49a8df4a94e882398467b49417c5caf68c4d3af9830836cc29e9b3073bd6a2eb959f402e64cb3e8f2c65d1f5ca8fd1dff9d7923e1f6a988b4927bdbfecf3988973fe9ad931d81d25001ae5d2c9475c4ef5aff1298a627c12e0b0e132c1568f3937c2d3a2fc37b3c3a875591efa8d96f2f97c5edb6b3c65120427669ffb15841ae796f4f944df266c7dfa3f71a8e7efe025cc8be18a8ca1dd2f62db33df40a26f7349e708d69f8459e77e11829df61161c8a778c076af2d580d2da3a883ae1d5b92a93c0faa2d1f8d46110a19b8084e6610d8fdbc71c737c28c0b8abb225ad5c8ee3d91e90b681d590bd8f1d0f7e379490cab2d3f69d224783c954d3895421e1d2fdf8ad4a1ed259771fbeb116e3e0d759316c2e36f82db1f010088d961e453fd1839d88678df9b90b2a56f9a186a988b59e77e1942b93b8f9aefef91c5ab2f323b08bbb351ca675d2e9e7b05f02c535b3e97cb199b00f8eb8bcbee9abdf25fa9fcf5d66efc01209f5a677608a4c8e976bf9097c48bd596cf6633154f0004a707b3cffd0a3a5fbe15c9816d259511338318e87a1a035de5ec5c3bb6234ffef66bfcc139d365f39f5a4743003a7048a9ffd0b29a583e9f377e49e0e605f6d82a58700293169a1dc5f8b8022993b8c9ec30489183f16f68e9ca4ca733151d06182538dc98b5f8cb250f07e829587f12669ff715080e5bee86a8c81cfabd2651c3680840273bb6b54b794956ddc256a41b323b0cec7dc9baaf043a3dc0d4c580376a7624e3cbc6872393675abc8ba2b66c7ff8fb43a228aafee234354d82d76bcebc134516d1fdeacf9138d85691f3859b4f43cb599fb5e593ff61eb238b57af303b886a403d003a710bfc252de5d3e9b45ea18ccd17055a97030d73004f186015dc83602ccc518ca5610ed0b2ccfa8d3f002ea57e67760ce4eddc6ed75d5acaa752e62d2a2738dc685dfc4534b4183fa4ddd8b20cade77cdece8d3f38e3bf303b866a413d003ae9eada3a239d967bd476e50b82802953a698b73530290957642e38320de1f0b4d2675a11c3f1676e746e8b7b52054952f718cf80c9cd93e172b9748eac3cc3fb5ec19ecdbf4541d4f781c0e90e62dac2ab119d7296aec735c1f6f0393df319bbd1eaef09db02f500e8a4b5755eafc7ed54dd28288a826cb6fcf77d4965b142e6156afcad875d7463c1e376dfa7fa001c181919d1312275a253cec1bce53f4063cb325d5ecb1304279a5a9763def21f5443e30fcef0bfd4f8eb8712001db9dcde9f6b295f916100a2097306fec7ec18c8f1b5fa939f76ba5daa2fa274260d316ffefc98e2d3fa2acc7fd7cd683ee9fd70fbebcb3e86db578fe6933f80f9efba1953175c09a73b6040a415f746a4d77fbfd9415413ea6fd611e75cd8be7d5b56920aaa07d8264f36bf1b928c4191bbc3d1d86cc6183d815854efda1f5d9d48a5ee513baddfed71a3b9a9d95a7746ce918ef72035b81de9a12ee4d307216587a0148a9b510a4e0f5cbe18bcc149f0475b11aa9f037f6426505dc3890a033f3fbcf89a97cd0ea49a54d537c40ababbbb6f4b26939f565b3e1008a0bebefc8c9f188f317659381cfebdd97190f1ed7aec875bb3d99cea77eb62b1188241d5eb7a1143f05f45165fa3fabe4a8e8f86007496c964bee8743a55afed9bc9642ab33f002957675d5ddd9fcc0e824c8cb943173a5daebcdaf2c3f161ba062d8401ed19a7f815b3e3a8469400e86cfefcf9a2dbed7e406d79ce399249f35e4922c7c739ff1fc65865378f27aacc7ef767fa5d3ecfc7d4be51c3158e43870e19bf381729454e06bbfc8433afcf981d4835a204c000f97cfe3a97cba57a4a7f3a9da627106b79231289ac313b0852ba13dff39547fcc1e0ffaa1de3942409870e0d9ab24220394201d8aad8e2ab2bb342520da204c000f3e7cf17038180ea2e2bce398686e84d338b500441f8577afab79f59effdf2ff0b0443aa678d67b3190c0fd3756816c6f997228baffeb3d97154334a000c327dfaf4db7d3edf2eb5e5f3f93cbd16680d77d5d5d5695ae59198a7f57d5fbed2eff7abde3d27954c219148e819122901e3f846f8dc6b7e66761cd58e120003399dce0f0a82a0ba17311e8f4351e88d33131d1204e1eb660741b499fdfeaf2e0f04034fa82d9f4824108fc7f50c898c8301df0a9fbb9ad6dba8004a000cd4d2d2b23d140a7d476d795996313868932d7cab0fe79c7fb2aeae8efe005560d6fb6eb8584b123032324249400530e05be1c5abbf6d761cb582120083cd9831e35b3e9fef4db5e5b3d92cbd15608e5ba2d1e823660741f4434980b551e35f7994005440201058e276bb55b7e2f1781cf9bcead79a49f95e0d87c3ff697610447f9404581335fee6a004a0024e38e1848cdbed7ebfc3e15035a0cf39c7e0e020649926a25740bfa2281f618c99bf283c31042501d6428dbf792801a890d6d6d6e782c1e06ab593020b8502060606687112632501bc37168bed363b10622c4a02ac811a7f73510250413366cc58e3f7fbbfa6b6bc288a9404184704f0e14824f286d98190caa024c05cd4f89b8f12800a6b6d6dbd25180caade363897cbd12241fa53005c158944d6991d08a92c4a02cc418dbf3550026082d6d6d6cf0783c19bd4964fa7d3d413a01f913176452412f983d981107350125059d4f85b076d076ca2aeaeae1bd2e9f44d9c73557f07afd78bc6c646a8ddf48420c518fb70381c7ed2ec4088f93a9fb8e5f1742afd3eb5e5ebeaea108944f40ca9ea50e36f2dd47298acb7b777552a95ba47966555bd316eb71b8d8d8d70381c7a8756ed0e02b8381289bc6e7620c43a2809300e35fed643098005ecddbb777132995c274952484d7987c381868606783c1ebd43ab561b017c2c1289749b1d08b11e4a02f4478dbf3551026011ddddddde42a1f0d76c36fb0e35e51963a8abab43381cd63bb46ac239e73f8b44225fa3f7fcc9783afe72f3fa4c26b34c6df9705d18e1085d8bc0e8c63eb4b6bf15510260319d9d9ddfcb66b3ffa1288aaabf8dcfe7437d7d3d0481e6771ee390a2289f88c5628f991d08b187ce276eb92b934a7f42ed54db402088587d14ac766fb332383e1f3977f56d6607428eaf66bf9956d6d3d3d3228ae243b95c6ea19af28220201c0e23145235a2506d38e7fc3ea7d3794328141a303b18622f5d4fdc72533a9d22294a150000200049444154feaada176efc7e3feaebeb6b71a26e8673be2a7aee35ff677620646c35f7adb493aeaeae2b73b9dced854221a0a6bcdbed462c1683dbedd63b34bbd82408c2e7eaeaea36981d08b1af9eb5b7bc2f9bcd3f28150a5e35e55d4e171a1a1be072b9f40ecdaab62b0aff68ecbc6bb6981d08191f250016d7dddded05f0cb6c367b65a15028fb0ec21883dfef475d5d5d2ddd807671cebf178944d630c6680305a2d98e676e6e1052ca73d96c6eae9af28c3144a351048341bd43b31205e077649ce2574e38f3fa8cd9c19089510260139c73676767e7b70a92f4555192543d89f87c3e84c3e1eaed11e0721787f0df9148e4778cb182d9e190ead3bbee27abb2e9cc2f454952d592bbdd6e44635178dc55f6c60ec39b82acfc6bdd799fa0de361ba104c06638e7424f57d737a582f8afb9bc54afe6183e9f0f8140003e9fcffe63935ce190d2af304fdd77eaeaead632c668794462a8f63ffed1ed09ecf985288aab0a9254764bce00f88341d4d585e072dabe576e1b67f87ee4ec9efb18bb51d56ea7c43c36bffbd7b6aeaead3378fc604fc1db0851e6652f0d2c08027c3e1f82c120dc6eb77d9201cea1a407903eb01da11317c6229119c36687446a0f7fe646e7ce8457e21c100b22506eeac9009fd787502804afc76b9bbb310790cfe5904ca530fbe294831a7efbb2c9578e8ca5ed8fdfe600e0f4f8e16b9e038426230f2fc4427943df8c31783c1e78bd5e78bd5eeb0d134869c8237dc80deec1c8810e48f9e210e3828f7e93bec3c434a3d79fe070c0e5748173059228969d0b381c0ef8fd7ef8fd3eb83d5ecbdd9839e710c53c32991c32993464b9787fa1ebcfde9c660740f451c86790ec2dee64cb18832f18862b3c05cc1f83e20a4116dc2870011c0c9c030a2ff6188cf61a70ce91cbe590cbe58e1cc3e572c1e572c1e974c2e572c1e17040100430c68efc5b73af015700a5002812a0c8e0b2044819c8b911c89938f2a921e4460e219f49d1e647c4b2145946fe70a3c81883dbe582c0183818144586c2157005e05c39eef75896652493492493c9c3c9b81b6eb71b4ea7ebc8b5c70406810986f5d471ce0fc7c921cb32244982542840144588f93c5d7f558812802ac4394736194736a97e87320e403cfc0f21a474c5a765f5574e3119cf2397cbeb181521ff8c968b238410426a102500841042480da20480104208a94194001042082135881200420821a406510240082184d4204a00082184901a44090021841052832801208410426a102500841042480da20480104208a94194001042082135881200420821a406510240082184d4204a00082184901ae4343b806a77fafa3fcecb8bb94f288ab24896955699cb0d5014b7a27087c215063e7e794170c0ebf5c0e572c1e972c1e574421084e23f8ca1f1e9c73170d20995a98cc534741ec09297ff32c16f90d4b26983877051db16b41e388086a12104924908b20c1464802be07cfcaf8fc3e180c753bcfe5c4e279c2ed791eb8f31865cfa21f4062ea9506dac657af251889f5ca9f5fa9300a400c4010c03d8c138dbae08bcdded60cfb3db1fead71c28191325000698bff6deabe582f205492acc1b1c3ae42db7bcdbe386dfe787cfeb83cbed1af7b3f53d7d005073494043e70134741e002e323b12623517b5b7e33dafbe8aa60307c072b97ffaf9442d96dbed813fe087cfeb85cb35fef5e76b7c132d87f2e8f67d146035d2a1ca15cc4c3f08efa42d00a66a3d9a0b40f4f03f2d00cee08c8371402a702e7e72653b38d6812b0fb87ff3e86b5a4f46de8e12009d2c7cecde29a280dbf3627e453299f6945b9e090282c1208281c084379d63d55a1270a4f127e4b0fa6412d73df924e6ecdc01e4f2659717184330184420182cfbfaf3346cc5acc1fbd0edbd020a73947d6e3b11b88c999907e06eda5989d33100a780e11430e12be2752bb73285dfede4fc57ec378f262b1140b5a30440a3539ef8fdac8292fb4d22975daa280a2bb7bc20080885420885421004f54f10b5920450e34f8e36399ec0f58fff052dbb3ac015b9ecf282202054174228a8edfa73d577a075f0b7e8f2ad8252a5b75581cb68c9de0f576387390170cce38cdd2431f6fff29f5cf953b74bfa09bbedf1617382a90ed5f94dad04ce85797f5d735b3a9df8a4acc8aaee1c8140009168040e419fa7866a4f02a8f127a30445c1754fadc3792fbf022ecb1376eb1f4fc01f4024a6dff5e7acef46ebf06fd0e5be060a2baf17c1ea04a58059e2bd7034f49a1d0a004419f02d49727d5ebc6ee5b75d534efb19bbf146c5eca0eca84606adf4356fed3dcb663d7c573c954c7d4a4de3ef743a31a97912eaebeb75bbf98caaefe943e3cefdba1ed30aa8f127a316ecde8d3b6ebe19e7beb8015c2effa9dfe97462d2a449a86fd0fffa7346f76256e10e38e57f9e7b60574e398f59853be18859a2f13f5a0c1c3f96f6bef95cee532b67991d8c1d510250a6f97f5df3fd4c3aff9424892135e57d7e1f9a9b9be171973d4da064d5960450e34f465df9ecb3b8e1eedfc0914aa92a7fe4faf31877fd39c27d6851ee8453ce18768e4a71ca39b4c877c111b1f2fd849d2f2878337fdd251f373b12bba12180523d73a3734e72faabc991e4e9aaca33201a89221452953794ad5a8603a8f12700e05438fee79ebbd1dcd3a3aabb1f6088462315bbfe1ce17eb4267f8d9ec2b5109d9539a7dedc853466f2bb20440e991d4a29428cf307c46b579ee59a76dad76848a034d4035082f9cffc317872727a47269753ddf8d7c7ea2b76f31965f79e006afc0900784509b7def64b34f7f4a82acfc0d0501fabf8f5278486d022fc0a1e71a8a2e7d583578aa345f81584b02d1aff7f60f88ab477d31afea94f55d7240c8350023081f9cffc31981f19e9cae67233541d80014d0d4d0804023a47561abb2601d4f813a0d8f8fff8173f47e8e04155e519181a1a1be137e9fa63c111cc74df05af689f86d42b0e6186f32eb060dcec50d4ba5ce4071fa224606294008c8773411a496f12f362a3da43d4c7eae1f595bd1690aeec960450e34f80e24cff1fdc7927bcc3eadff48ad5c7e033f9fa63fe24667aee843fd7676a1ca5f049fd98e9be132c90303b144d1867174b4affbdfcc61ba98d1b07fd72c631e7b1bb5fcbe5b3aa679746a351d39efc8f659724801a7f32ea7bf7dc83709ffaef8295ae3ff8329816f80d82f9dd664732a6406e1f6678ee02fcea26585ad065e2becd3f303b082ba304600c73d7fef647aac7fc01f8fdfe8a8f394ea49804ec333b8c313574eee7d4f81300b8fa6fcfa81ef307ac79fd314f0e5302bf4538db697628ff2494edc1d4e03d80376b7628ba629c7f35ffc99597991d87555102701cf3fff2878b32e9cc97d496773a9d88c5627a86a49bfa9e8368b0604f40b1f1ef2b7b2545527d4ed9b31bef7cee59d5e5ad7cfd31b788e6f0ef10c9ec303b9423c2994e9c50771f98bbfc2594ed8001b7e53ef1a156b3e3b0224a008ec5b99093928f7015cbfa8eaa6fa8d7b4aca8d11a7afad0b86b9f6576d1a3c69f8c1214055f7ee0f7e08afab7b8eaebad7dfd31a784e6c81f104bbf65762888a5b76172e47efcfff6ee3c4a8eeabe17f8f7d6d6ddd3b36834333d33da171b6c09e31864561383c121d60218c7388e31f020388fe018de8bf1e125bc4421093638f1c97b247e011990842120194ba00d306081041824811d1018218d4612b34a6899b5bbabbbeefba3a5893c6899ae5bddd555f5fd9cc321c1dc5b3f3874ffbe5d75ef2d6166fd2ea594ea342dbf5816de2d4047a9dc4f894f66af7df821b787fc004075b2baa487fc78a561678f68dcd6e9fb5ed906367f3aca4debd6b93ee40700aaab93253de4c733460ea9869fa171608b6f25340efe06a986658091f3ad8632bac0bee1cbd7f85d44a5610038ca696b1f9b39383c74b5dbf19aa6a16edc382f4b2aa9c6f66ecdcf10307e47a76c62f3a7c35a0f1ec2599bddbff155d334d4d5d57b585189690e1a1b572135f07ad92fddd4ff061a1b56005af14729079690f7c8ebae08ce17741930001cc576861f721cc7f5bf93da9a5ae87ab0fe9536b6776b0def7796fd5b60fcf62e27c5e64f47f9b335ab5c9ded7f444d003f7fd01c8c6f5a8396fe0d65bb64f3c02b68483d0968bedf002cb7544e17dff1bb884a12b04f4be97c7ad592899974e6736ec70b4d43754db59725954dd3ce6e7dfcb6ceb2dd071cbfbd3b976aebe27f7b34a2a1bf1fd3df77bf3a5e13023501fdfc41488c4bfd0213079e2bf9a526f4af477dea194054cc12a0b29242de22afbfacb2b687f8885fc2876535fcbba3b0f0afbababaa2171e9d4caabddb18bfadb3e42b81c6ede8b2536d9d7c0705fd8e1b9f7906d271ffeb3fe89f3f08a0a6e9254cea7fa6649798d8ff3c6a532f002edfa61012e373ba7ea3df45548a007f62bc95cd642f51195f5d5521078e2848b5775bf5250c01e3b677655b7674f1784efa8853b76d531a9fac0ee8afffa309a0baf9654c1d58e1f9d49307d6a1a6f945ae830720216ff0bb864ac1000060f6ba25d7da39dbf579a156cc826985a3af35b7775b75ef777abe21b86e7b57a6a5adcbf27a5e0abe8bb66e8548a75d8fb7ac184c331c9f3f0048a4dec4d4812700e9cd33fa29034f22997ad593b942416256f686cb5c1ff216260c0000f2394769614855a2caab522a42ebceeed8b86d9d9ebdccbc767bf7706b5b5700f666911ffef075b555f055c9707dfe002091fa0da60f3d0eb5dbf512d30696a12ae5df56c34a2535fd4ffcaea112300000c8daf66c95f18944c2ab522a464b7b7755ddb62ee51050bbbd7b68425b67f8fe0591679abbd48e7f4ec4fd7dd94fa9c49adec5cca1a5d064f16b233499c78ca147104ff97fd8502512522a3df20d8bc80780cf3cb76c562e9773fdeb54d3f450dd7e3c5a6b7b5755edb62ed7a7b2546fef1e98d0d619be9f67e499c91fee03146effeb7a783f7f006036eec0cccc83d09cb12fcdd190c38cf412588d6aeb2a42eed3f25b0b1afd2ec26f910f00996cfa7a95f1f178b8ef6c4f68efaaaed9d655f4bb41ab77741f9ad4d619829559544a17fde75b4ae30371ea9f227dfc1eccb01f823e8610a0393666a61f82d1d05efac2824d641de3f7fd2ec26f910f004e3e3f47657c987f7d1c31b1bdab2e594408486eef39386947675d296ba27098ae78fb3f0a9f3f0030ea3b3023bf0846fef86feb339c3466da3f813e7e4f192b0b2e0d52e9d16f18443e00e41d395d65bc11912fa0c9ed5d75896d3dfb4ff6f725b6f77c38b9ad83c76dd29834ed3fe97f5227641ad1395242afebc10cdc0f2bf7d1a772667e0833f28ba0d7f375da6325214ff5bb06bf453e00384e5ee9395094be80a6b6778c4fbcd7dd7bbcff3dbea3a7776a5b4743396ba260ab5278f10f109d007e8456f321a6894588e5fa46fe5a2c3780e97211b4babd3e561644e214bf2bf01b0380e328ed4d0fdcd9e38aa6eeea4cc5b7f57c2404c4b6f7f44cdbd191f2a3260a2eddb6d5c647ecf307005acd014cd3ef47ccfe1071fb20a669f743abfdd0efb28228f28b00a3f3f3f538a494baca7821a2f70534adbd23b503a2cb3e25d50a00c6f69ecee96d1d13fcae8b0248e1f85f209a9f3f0010c93e4ced5a59f8bf5b0ffa5c4d6045fe9d00910f008e747ffe3f006811fd029ad9fe41eb0e477e903784f3b1b68e297ed7430195573b975e68113cdb763801bc330bda07930be704b5b4029f7a0b480efa5d59d03000f85d80ef54df8b11c1ef1f0078bbb9194b4e3b7d525637704d5ae2ccce0ebf4ba200928a1f4011a50f60d602deff38b0632670f45bcbbb5b80de14306537f0c9778198e727798755f8f7909e04030015e5ede6662c39f30c6c993071e4afdd36f74bf8544f0faed9f206830091d7f23ad03603d8760a601f67d1a3a301edd3803d9380193b8153df038cb2bde19b028a0180c6e4588dff686f3537330810794a001d1380adb381a1311ea899370a7709f64c063ef15b60ea2e4044faf5bf74020c007442276bfca331081079606f13f0f669c02197e769a5e3c0af7faff0b8e013bf0526f273481fc50040c7546ce31f8d4180c88503e380776617028017fa6b804d9f2d0481d95b81066e17a4ffc20040bf43b5f18fc620403406c309e0bd5381f6a928c9cae2fde3818d1700133a8059ef70c700016000a0c3bc6efca33108101dc39195fd6d330a8bfd4a4902e8980874b572c70001600088bc5237fed11804885058b5bf733af0db4f1c7f657f29af7d64c7c0c7b703a7bc0f686a0732513031004454b91bff680c02144d2e56f6974ade280490f669dc3110510c0011e377e31f8d4180224375657fa970c7406431004444a535fed1180428b4fa6b0abff8bb5bfcaee4c48eec18689f069cb615a8e33b06c28e0120e42abdf18fc62040a1716465ffaea9800cd091c57b9b80f51772c7400430008454d01aff680c021458b65938b6b71c2bfb4b853b06228101206482def8476310a0c0703460f714e0dd4f029990bc67e6c88e818e89c029db80996ddc3110220c002111b6c63f1a8300552c09a0736265acec2f15db2cfcf3b5cd28bc68883b0642810120e07ed3d282c573e6e0372d15bec0c8234782c0a7bbbb71dde6cd7e974351d79b2a34c64a5bd95f2ac389c28e819dd30b470b53a00568654a694c59f663a5183b65ca14af4aa100da78cefcc87f86546cff8333f8f923df583f5919e9cfafe67701444444547e0c0044444411c40040444414410c0044444411c40040444414410c0044444411c40040444414410c0044444411c40040444414410c0044444411c40040444414410c0044444411c40040444414417c1db0cf0ef51d521a5f571b91d7901295405f5f9fd2f8dada5a8f2a09267e7f051b0380cf0e1de40788c82f070f1e541a1ff900c0efaf40e323002222a20862002022228a2006002222a20862002022228a2006002222a20862002022228a20060022f28dae6b8edf35104515030011f92611b75aab93d52b745dcffb5d0b51d4300010916f5a56bcd2dbb2e2a52b93d5c9718964d58386aedb7ed74414150c0044e4bbd4f2f50313576cbcc1325ac65557573fca470344a5c70040441563c2aa55432d3f7fe91be3eaaa67261255bf12c2ef8a88c28b0180882a4efd63ebdb273eb9f1dc647ddd25a665f6f85d0f511831001051c56a79ec97cf4f5dfd5a4b3259f3435de36301222f31001051c56b5df1e2f79235d5a7c6ac589bdfb510850503001105426af9faed9357bf3a33994cfe48689af4bb1ea2a0630020a240695db1e12f6beb12734ccb3ce8772d444166f85d005180fdb3df058c2625b47dff810be0e00bb93c664989e98e836647a25a3a88e7f3b000082921e4e1dfd09a0679f8cf8e2690d50d0c5826f6c4aaf0ebb8855f6b405b0e7837360f3b854045fcf26e7a7cc31b9bcf3c3335a155fe4f29c55de08f19a2a2310010152f2d05fefbcb67cf5fe277219d8fe04c2d8fabf3795c98cb61e6cefb50ed3818f3e6392180980561c501cb806e5a48180612009a009c01000e0addd55e83feec6abc05814d52e2e55c1e2f272f476769fec94e6ece962d36b66cb93b77e397b73a523e0c609c5fb51005110300513124764b4d7ce5e5b3e76df6e3f2fb97a12e9bc5b7f336fec8ce61d6d02158c5ce6159403c5ef823162b848031aa01701e24ce13c02da60e6457e13d08ac13c0d38686f5622e32c5d6a3ca58b46275facfbe7296967756007276b9af4f14540c00446324a4d894778cf9af9c7b696f39afdbbd1449017ccfcee1ea83fb31bd985ff8479826904c16fed0750f8b133815c0a912b8d5767028bb064f6a12cbf4163c2be6a06cc7fac6ef7be27d79fd65e7da9af604802f96ebba4441c6e7664463f30b279fbbf895f3cbd7fc7b96e0928ec5d8984ee350ff00fe269dc68c629abfa601d5d5404b0bd0da0ad4d67adcfc3faa0e12d738c06abb1b7bb2abf07f324fa16cbfc8c5834ff59b89cc0200cbca754da2206300203a29b174d86899f7f2e72eef2fc7d57a97e23b7b1e404fff207e313c84f3733914d5b64d13686c04264e04c68f2fdcf2f7413304be2334bc9d5d8d8de955582065f1772e8a25ee5d97310f997f02e0ff95fa5a4441c74700442776dfc6b3e7de04214abafa5d4a683d4bf18f990c6ee91b40c2cd1c9605d4d502892aafab5376be26f094bd066f64d6e04e6b2e9e2ae56e02b17c791ec09f67fef48a5e01fc6da9ae431474bc0340747cf76d3c7b5ec99b7ff723b863f722f40f0ce2763b577cf38fc58054aa70abbf029bffd1ce10122bed3578dd5e8d4b4b7db1d84f562e9412ff50eaeb1005150300d1b195bcf9f73c824b773d809e8143f87b3b87a25bb7ae01f5f540737361457f80cc91c0d3d9d5f84566354e2be585620facfcdf52e09e525e8328a81800883e6a51299b7fdfa368ec5c8c4d0387f0b49d41aad8f14200353540eb84c29f03ec1201bc915983bbe532778f3dc6c25ab4f27648fcb854f31305150300d1ef5a630c27ffbc54cdbf67096edbdf8fcea121cc717301cb2adceaafaf2facf20f0153487ccfaec27fda6bf185525c4000d29cfc7b7f01c0f7839b882a4938be42883c20a4d8549530bfb6fea28b725ecf7d6005c6752cc6abfd83b8279787e9668e9a1aa0b9a5b0ca3f843e261d3c975d8dfbe4aae21f879c8c58b8d031b5d48d005ef07a6ea2a06200202a785f379db9cf7efad241af27ee598a2b0fed45f7f010ce71335e370a8bfceaeb51fa7d74fe1200be650bfcaa14e70788fbefb74d697e1512ef7b3d37511031001001038e8e2bd7cf59b0cfeb89bb97e0de81413c91cb21e6667ca20a686d09dc223f559f121a366557e35aaf27160f2cdf2f75fd32007c9320451e0300459d84c0f5af7c76fedb9e4e7a1fccce87b0656010df962e5713d4d6024d8da179d65fac0480c5d9d5f827b9d0dbefa9d8fd4ffc5638f81a00cf1ff510054934bf5a888e10b86be3d9f3977b3965ef32547798d831345c789b5ed12589c2097ee3f86e3b00f8cbdc1cfc4cfe129ede03311f5cf9ac80e4214114690c001465bfdc78d6e6bff172c29e47d19cee437b3a8dc96ec66b02686c2a9ce14f0512f8b23d88b5722d6abd9cd798f4991f98a6d9e7e59c4441c2004051751086bc0e62a1e3d5841f3e8ad9e941b465b36870335ed70babfc13d17ade3f5617d90e5e90cf147f6ec2f188850b1d2311fb9256e2931e892a1503004592006eda3867c16eafe6ebf929ceefebc79bb6ed6e0b9bae1756fa87748b9f57ceb46d6c1c5e87695e4d38f1672fbd128b27f8e2208a2406008a1c21b164c339f31ff36abe7d8fe21343437821ef727fbfa6014d4d6cfe63f4713d8fe7e41ab47835e18427377edbb22ccfc2205150300050d4f4c81cfe875793edfd0f4c181cc4967c0eae5ebaab69855ffe3ebdb237a866dac03372053c59262900a939c617755d78f63888280818002852a494b76cbc60fe012fe6dafb006a8607f196dbdbfe42147ef9b3f9bb2071ba6de2e772adbbf315469bb476e3b678aceadfbc988b28281800284a9e79f9dc058f7b31915c0823036ccd6631deed1ce3c7175ee54bae5d9493784c2e83eec5642d2b37dc6299d67e2fe6220a0206008a8a614d3837793559d754bc96ceb8dbea07140ef94926bdaa26baa4c415d924eef2622e01486158dff4622ea2206000a06810f8d14b675fb6d38ba9ba96e25fdd1ef20314b6f9f1901fef0889db326b70b917734d7ef2a5b5f1b8b5c58bb9882a1d0300859fc0deb81efba11753f52cc5954383b8d9ed78c3041a1abda8848e2284c403432bdddf91399a1633aed4748d0b0229f4180028f424e49dcfcdf9e221d579f62f43dd70068fb83ddb5f08a0b121b267fb975a836160b9dcec6e2be6d1262cdfb83b1e8f3fe9455144958c5f45146a02d89ed65beff362aee141bc94b3dd9f495f5bcb15ff257676b61b7fefc544b174cd75baaee7bd988ba852310050a849c8bbb6cc9963abced3b304b70d0fe374b7e32dab1000a8b404f03dfb297c5e759e8675ebfaac98f584173511552a06000a31b1e740cdf023aab3f43d8ac6a10cfed175150268185ff833959c901a7eecc5a380a14cee464de35d000a2f06000a2d299c7bb6cebe2aab3acf4016ebf239f70da5b60e3079ebbf9c66e57a70abea241f5ff75a9f655a6bbd2888a81231005058f538f9e1075427d9fb30e60d0f618edbf1ba01d4d6a85641c592120b87d760aaea3c56dcfc96d034be2d9042890180424902f7bd7ade55c3aaf3a4b37848e5dbbf7e5c746ffddb536e873d6da15f97af3224fe497592d4f2f5dd8978fc752f0a22aa340c0014467999170faa4ed2fd08eec864d0e476bc650155aede12107cf694db0b7f4cbad5b71020813fb257e162d5797453f7ece5514495840180424702ab5f397fde2ea53924446608b7abcc515faf323ab88e34ff91ffdfcf102070a7ea1ccdcb5f7cd532cd7d5ed4435449180028748423fe5d758e9ea5b8cbb6e1fab4fe44229a2ffa19ddfc47feba7f21e03c7b352e509d44b78cc51ed44254511800286c3ed878eea6675527c964718bcaf828eef93f5ef31ff9df7d0a018ec01daa739807ccbfe362400a1b06000a172196412c543ac7bd67096eb36d24dc8eb7ace8fdfa3f59f31ff9fb7c080142e20fb24fe1b32a73a4d6af1f88c5625bbdaa89a812300050a888bcf3b8ea1cd91c6e53191fb56d7f636dfe237fbf1f2140c75fa9ce615ac6bd5ed44254291800284c766e3877fe2695097a96e0129595ffba012422b4f2bfd8e63f32aecc21404a5c9e5e8b992a73a4f0e2033a4f06a4106100a0f090623984507a4e9b77f00f2ae36baaa3b3efdf6df31f195fde10208483eb9526588ebc6119ef78551091df180028449c752aa3f72c43229d517b569c74bd6f2058549bffc83ce50d01d7abbe23c03274be208842830180c262b0e680feaaca045606ffcb71dc7f26e23140d7552a0806af9affc87c650a010268c9f5a81d0c94b78d7f1351b9c543a1c70040e120c40bebe6cecda84c61dbf886caf8283cfbf7baf98fcc5ba6102025bea6327ec2aaf5fb2ccbfcd0ab7a88fcc40040a120e128edfddfbf0c75d92ca6abcc11f6637f4bd5fc47e62f4f08b8422e83d2bb190dd37ac5ab6288fcc40040a1a0e7b51755c667d3f80bc781eb7bbbf178b86fff97baf98f5ca7f421605cae0abfaf328106b1dcab6288fcc4004061d0dffcc1a0d2eaec7c1e5f51199f707d6c50e52b57f31fb95e89438004fe5065fcd0fe5dcb23b3d583428d0180c260f3f2abae52da9f6de7304b657c584ffe2b77f31fb96e6943c09754064f5fdf9e360da3dfab6288fcc2004021205f5319ddf908ceccd9ee9f0b6b5ae1f85fafd9536ef7ed2d7a23d7f7a1f98f70d2a59a79967c1aad2a1318bab1d3ab6288fc62f85d00912a2985d2e97f5a0edf54195f8a5fffa39bafd9bed0fb8b1471fd723377ff00e6ee1f949b4d2bc900000bb1494441546cfe6c1ee70170bda75f37f44d004ef7ae22a2f2e31d000a3c474aa5e7ffb93c2e54196f791c004637df721f9b1bf6e60f0042e27ca5f1a6bed6ab5a88fcc200404197ebab1b6e5399209fc70c95f1310f6fff1faff9962b0444a1f91f7696ca6079c07cc6ab4288fcc2004041b773ebecabb26e07cb65d0f37954ab14e0d51d809335df52878008357f00384d4af7db3e5b9e7d7650d3f59c970511951b0300059b94efa90cef19c2852afbff751dd03cd81136d6e65baa1010b1e60f0075e9b598a23281ae6b035e1543e40706000a36a1ed501aaee3f32ae30d0f96d116db7cbd0e01116cfe85eb0ab5ad9fbaa6f348600a3406000a3629bb5486e71dcc5619af1a00dc365faf4240549b3f00380ea6a98c179ae8f4a814225f300050a009881ea50924a6aa0c570900aacd57350444b9f90380946aef7e30745d69f12991df180028d01cc500e0386856196fba7cbbbc57cdd76d08887af3070021d4c29f90fa36af6a21f2030300059a2ed1ad32de7150a3325e73f10220af9b6fb12180cd7f4493ca60219cbd5e1542e40706000a363d775065b8e320ae32bed81d00a56abe630d016cfe47116850199e1379a5fff688fcc600408126754be9c078c781cb9bf805c5bc14aed4cdf7642180cdff7709a9160004c47eaf6a21f2030300055a2e8b8ce2144abbf8b5317e82cad57c8f1702d8fc3f4a02552ae335c90040c1c600408196b56ca53b002aa7c10163bb0350eee63b3a04b0f91f97d2198e8666f11c000a34be0d90026d46db70668bc27829d5ae7fb200e057f3b527dd3af23a5d36ffe3520a00e974625f759d57a510959f0787981205d7f61f4329024c9e7ce21050ee37f955920a6ffe0090b7e6f3471045171f0150a415b388ef584e7607c1fce05f60b62f54bb480005a0f903505e3f4214680c00146942a8dd0118cb2384a8858080347f800180228e0180224dd3e0a88c77c6383a2a212040cd1f0218f4bb06223f310050a409015b657c318b08c31e0282d4fc0140025cc54f91c60040912604d40e122af20142584340d09aff61fbfc2e80c84f0c0014699a860195f14ebef831610b01016dfe00ef0050c4310050a4691a94de2668bb7c8010961010e0e60f29d0ee770d447e6200a04813023b55c6e772eec7063d0404b9f90380900c00146d0c001469868e7754c6ab040020b82120e8cd1f500f7f4441c70040d1a6e10595e1aa0100085e080843f30700dbc656bf6b20f2130300455ae3d7b141d3dc1f0694cf17bf13e058821202c2d2fc011c4a5c8e0ffc2e82c84f0c00146942c0d10db59d00598fce93abf41010a2e60f006fa99e024914740c001479ba8e1d2ae33359af2aa9dc1010b2e60f00aff95d0091df180028f2341dbf5419efd51d80232a2d0484b0f9434abcec770d447e6300a0c893120fab8ccf94e09532951202c2d8fc01c0d2f0aadf3510f98d0180226fe2b578d330e1fa46bee300590f1f031ce17708086bf307b055cc43b7df4510f98d0180088061a89d07508abb00807f2120c4cd1f1258e7770d449580018008806560b9caf8e121af2af9a872878030377f00d0249ef6bb06a24ac00040044017f85795f300d299c29900a552ae1010f6e60fe0a0318c0d7e1741540918008800345c8d3e2b86369539864a781700287d088840f307809f8babdcaff7200a130600a2c36296da6e80520700a074212022cd1f42e271bf6b20aa140c0044870d6471b761c0f58dfc4c891f031ce17508884af39740b7d1aa76e60351983000101d36fdbf216d9ad8a432c7c0a057d59c985721202acdffb007c41cd87e174154291800888ea20bdca1327ea01f90653a615e350444acf94b093ce877114495840180e8282dd7e1f9581cbd6ec7e7f3c0f0b097159d98db1010b1e60f21b03a3e5f6d912751d83000108d6299b85b657c5f9f57958c4db121206acd1f0020f143bf4b20aa34c2ef02882ad1ae4518b46d54b91ddfdc0cc4625e567472f6a45b614f5b78c2bf2792cd1f78cd9a8f73fc2e82a8d2f00e00d1319871fc8bcaf872df05004e7e2720a2cd1f9ac49d7ed7405489780780e83876ff04fdd92caadd8e4fa58078dccb8ac6e6587702a2dafc21b0c99c8bb385707fca235158f10e00d1715826beaf32fee041af2a29cee83b01916dfe0084c0ed6cfe44c7c63b004427b0e741f464d248b91ddfd80854b95e49a0c69e723b0044b6f943e0716b1efed8ef32882a150300d109742fc6c583c378ceedde7edd0026b402829fb472ebcf497cb26a013afc2e84a852f11100d109b45c87e71371bce6767c3ee7cf82c0a813120bd9fc894e8c0180e8249279ccd50df747c8f61d026c1e405b4e5b8d56dceb771144958e0180e824eafe14fbab12b8dded7809e0c30fcb774470c43902b88967fe139d1c0300d118347f133f4a54e14db7e3b3593e0a280709fcc09c8f0d7ed74114040c004463143770a169c0f549ff7d7d8520402522f12bab050bfd2e832828180088c6a8e16af4c562f8baa6b9db572e25b06f1fe0385e574600f6e5747c95b7fe89c68e0180a8082dd7e2c96412f7b81d9fcb154200d703784a3ac00d5573f181df85100509772713b9d0b1189b868730c7edf8da1a605cbd8705459814f87e6c1efecaef3a8882867700885c985085731209b4bb1ddfd70f0c0c785850743d666dc21d7e17411444bc0340e452f73348663fc0ae6c060d6ec60b51786150b95f1b1c1a122f983ae68ab9c8f85d0a5110f10e00914b2d9762b0be1eb32c13836ec64b09ecddcb9d012e6d368771399b3f917b0c00440a6aae446fa20667e8065cb571c7017a7b19028ab4c3cc63beb80a7c8842a48001804851d31f635b5515bea0ebeeb6a0390eb0b717b01902c6e2fdbcc0c5e272f4f85d0851d0710d009147f63e8c5387d2d862db48ba19afeb853501a6e97565a1b1d934314f5c8a5ebf0b210a030600220f752f45cab6b1359341a39bf19a001a1a8144c2ebca02aeb0e0efcb622e78a03291471800883cd6bb0cd5d9016c4da731c5ed1cf5f5404d8d97550597007e6e24f10d7111d27ed74214265c0340e4b1d4551898b81b33ab1278cded1c070e00070f7a5955204929f07d6333becae64fe43dde01202aa1eea5f8ebe121dc9977dc85ed440218df00e8d18beafb34896b8d0558eb77214461c5004054625d3fc567b3693c676751eb66bcae15424084d605bc9ed7f1b5c497dc9fb4484427c7004054063b1f42dc049e4e0fe3f36ee7a8a901c68d2b9c2018521212f79aadf82edfea47547ae1fd2a21aa40dd8bf19d7416f7e472707500b065010d0da1dc2af896006e36e76383df8510450503005199ed7c08f184c0a343695ce138ee3e83c964e16d8221581b3024257e680de32e7195bbd31489c81d0600229f742cc167641e3f4ba731c3cd784d03eaea82bb5d504aac76809b130bb0dbef5a88a2880180c8673d0fe3bb990ceec86651e766bc650175e38044dcebca4a44e25742c75f9b73f182dfa510451903005185e8fd296ece64f0b7990c9adc8c374da0b6b6f078a042bdae49fc1db7f61155060600a20ab3f7617c3d9dc5dd990c26bb197f2408545555c48e0109e07947e2ffc6176095dfc510d17ff1ffeb81888ea96b09ce02b03093c617737918c58ed7b4420848268198ab3d07ee49a00bc052a961517c2e7694f7ea4434160c0044156ee7438827747c3797c735d92c3ee6e48bffdc9a662108249385b70e96c80108ac14128f1b493c2f2e42ae64572222650c004401d2bb0cd5c8e0663b87afda364e73739e8069164e158cc581784cf931c156004f0be06963082f712b1f517030001005d8fe2538ddd670753e878bed3c3e96cfa1a698b30584283c1e88c50ac1c03201dd386e283804e02d009b24b0d1cae36571397a3cfa4721a2326300200a99de47f13999c7458e83d95262ba23d1e2e451e34824e0c07464e1c544478282a6410a01a9010e046cddc0402c865db104de8c5b785308eccc01ef26e66197bfff644444444444444444444444444444444444444444444444444444444444444444444444444444444444444444444444444444444444444444444444444444444444444444444444444444444444444444444444444444444444444444444444444444444444444444444444444444444444444444444444444444444444444444546eff1f21e6c5cd5582a6a70000000049454e44ae426082);
INSERT INTO `healthcareprofessional` (`professionalId`, `userId`, `fname`, `lname`, `age`, `gender`, `email`, `specialization`, `profile_picture`) VALUES
(3, 7, 'Lynylle', 'Capacite', 25, 'female', 'LynCap@gmail.com', 'Neurologist', 0x89504e470d0a1a0a0000000d4948445200000200000002000806000000f478d4fa0000000473424954080808087c086488000000097048597300000ec400000ec401952b0e1b0000001974455874536f667477617265007777772e696e6b73636170652e6f72679bee3c1a0000200049444154789cecdd799c1c659d3ff0cf537dcc3d995c93fb3e483209e4841ce420805c0aa204054111305c11bc59d755035eb8fadbd54510100145d69578ad175e4b222008040492ee4932938b4008b96726737477557d7f7f4c129299bea7aa9faaeecffbf5f26566babbeacb4c4fd7a79e538188fc61f56ae38cd70e0c0f05acb196c228433050040361a8814a3050600f04d460007500ca01549cf06a75f4fb006001680560036839e1ff05c0210007013908a877fe5fd42181ec53b67ab35fa7b1e78927ee8e15ea3f9b88dca174174044275bb16245e00d0c99065833a08ce94a641a8069801a034858777d47ed07b0079037458c3d30b05bd9f65b3064b78de01e18e69be5e55d7bd63df24897ee42892839060022cdcebcf2a6fe56c258a6942c82e07401662ba04a775d0e3900e0ad634141297943017b04d86388b1df0e98fb13b6b1bf6a5ffdfe75eb569bba8b252a250c004405d67d873fe84ca5d485102c07300b4040775d1e7008c05e05d92f50fb05d865286c83c856009b87637ff39a356b2cdd4512150b0600a2025876cd35e5b1f6aa0b0c25ef15c1450006eaaec96f046857c06b506abd08d65a269e7ae157f71cd05d17915f310010b9472dbaeca63305ea6a28acc03b83f0c81936a0d60be4570143fdf2999fddb3457741447ec20040e4b065effd445d221cffa8086e063051773da54241fe2e500f0aca7ef6dc9affecd45d0f91d73100103964c1fb574d51867c52201f2aa2417c7ef4b612f9ae5916bce7f9c7ee6ed55d0c9157310010f5d1a2f7dfd220867d3ba0ae0407f379883a28903bcbf6d5dfc3190644bd310010e569fe076e9e1ab0f13501de0bfe2d79d93f015cfbec9a7b5fd15d089197f0438b2847675c71db10239158ad14ae0710d45d0f652501c1bf3dfbf37bbf85ee150f894a1e03005196e6ac5c192a3f18f88c28f5790035baeba1bcfc3ad6657ee8a5df3ed0a1bb1022dd180088b2b0e0b29b172a85fb014cd75d0bf5d93356387011070852a96300204ae38c0f7dbc3690b0be01c18d000cddf590635e14c4ce7f6ecd0f0fea2e8448170600a214165c76f34228fc4401e374d742ae78250c2c5eb7e6de23ba0b21d2810398887a58b66c75305efff6a721f80a8090ee7ac83533e3c0a300de070e0ca412c439cb442758b0e2c6117655c71f00f551f0efa3144c193dfdf4f8aec88b4feb2e84a8d0d8054074d4fccb572d0a88fd730186eaae850aca560ae7fcfdf17bd7ea2e84a89038a88908c0c21537ad34449ee4c5bf241922b87fd935d794eb2e84a8903806804ada8a152b026f60f07700ac623770499b14efa8f802802fea2e84a850d80540256bd935d794c7da2b1f53dd83c0a8e4a9b8616006b715a652c12e002a49675e7953ff787be59f78f1a77748d8b6ed7fd35d0551a1b005804acebc15370f0d017f05d0a0bb16f21ccb30d434b6025029600b00959433aeb86d48087812bcf853720111f982ee22880a812d005432165e7a633d82062ffe94818a5bc1e0e8e77ffaddb7755742e426b600504938e38adb864830b016bcf85346120e26e2d7eaae82c86d0c0054f4165d7c6d4dc04cfc4141a6e9ae85fc41945a89d5abf9f948458d6f702a6a7356ae0c4959d91a00b375d742be32765174ef52dd4510b98901808a992a3f1c7c1050e7e92e84fcc7b671b9ee1a88dcc40040456bc18a9bbe29820febae83fc4929bc6fd9b2d55c2d958a16030015a58597df749582faacee3ac8d7eabbeadf5ea6bb0822b7300050d159f0fe1b6741d4fdbaeb20ff336cc56e002a5a5c07808aca1957dc362460265e04304a772d54140ec4fa9bc35e7ae08184ee42889cc616002a1acb96ad0e06ccc41af0e24fce19183e143c5b7711446e6000a0a2111fb4f70b0016ebae838a8ba17085ee1a88dcc02e002a0a8b57dc30cd42e0150021ddb550d16915940d7d6ecd7f76ea2e84c8496c01a0a26021f02df0e24feea855885da4bb0822a7310090ef2dfac04df3015ca8bb0e2a5e02760350f1610020df13c16dba6ba0e2a6800b17acb86e80ee3a889cc40040beb6e883ab8643d4fb75d74145afdc407895ee22889cc40040be26967d33d8f74f052050b72ebaf8da1add7510398501807cab61c58a308095baeba09231d00e97ffbbee22889cc20040be55a7eacf013058771d543a94c20d0b2e5fc5dd25a9283000906f71bb56d24029b11f5db0e2c611ba0b21ea2b0600f2a5392b578694c27b74d7412569b082f1f3a35d5044bec50040be547e30700e209c9645baccaf93c15fd35d04515f3000902f09d465ba6ba0d2260a9f5ab8e29605baeb20ca170300f993c2bb74974025cf00e4fe392b57721a2af9120300f9cefc0fdc3c15c048dd7510019851763078abee2288f2c10040be13b0c1fdd9c93b14569f71c56d43749741942b0600f21d01ced15d03d109aa0d33fe69dd4510e54ae92e8028172b56ac08bc89c1fb01d4e9ae85e81801da95698f7ff657f7edd55d0b51b6d80240bef21606cd042ffee4310aa842c8602b00f90a0300f98a4071da157993e08639ef5959a9bb0ca26c310090af88c27cdd3510a5d0afac3cc8e5a9c9371800c85f441800c8cb3ea6bb00a26c711020f9c6b22b560e8a9bc1bde0fb963c4cd96afadf7f714f44771d4499b005807c236e06ce002ffee471129015ba6b20ca060300f98718b37497409491e012dd2510658301807c43193855770d445998b964c5aa71ba8b20ca8401807c43441800c8172cd817e9ae8128130600f285a3f3ab27eaae830aa7220c2c996ae3fcd36c289f8dfcb081b374d740944950770144d928ab0c36c04640771de43ea580736658b8f11c13836b0400306b6c00dffc4d08b6682e2e4b0a38b3fbffe0938aa914b10580fcc14683ee12c87d1387dab8fb23717cf1d2c4f18b3f005c30d3c2e7de9380e19f9680fa333f70cb24dd4510a5c31600f205516ab292c2de4c559601674db3b0788a8d318305f5b5360206d01e030e1e31b0fb10b07daf81e89b061adf50d8d7e69fab93d7d45600d72f3771f11c33e545fec25916ba4ce0bb4f8450e0b7425e2cc19900b6e8ae8328150600f20525f6e4422e01b074aa85db2e3031a8a6f795a6a61ca829b7316610b060927dfcfb3bf62b3cdf64e0f9e6005e7ddd40c22c58b9be555d065c36dfc48af9266aca333fff7df32c7474010f3c1972bfb8be12e1b455f2340600f20935b95067ba749e854f5c90c879e0d9d84182b1832c7c608185ce84c23fb71bf84793c2339b03d8cfd68193e47ae13fd1558b2dbc79c8c0efffe9ed21210aecb6226fe3a71279dfead5c6c2c8de7600395e2a72376f828d6f7f28eee8a8735b80c6370d3cbdc9c0538d01bc71b074ffec6a2b80f79d6ee2f2f916aacbf36fc7376de0b38f85f1d2364f0f63dafbec9a7b87e82e822895d2fd2422df58b0e2c6110ac61b6e9fa72c2878e4e60446f4b7333fb90fb6ed35f054a381673607d0b447f9a23fbbafa68e10bc77ae89e5d36d94059df90f3ed2a570f34361ecd8e7dd8fb10002f54fafb97b9fee3a8892611700799e4260742166535d30d372fde20f00e3eb6d8cafb771cd5213fbda149edb62e0d92d065eda6620667af76296abf21070f6740b97ce33317998f3bfbfea72c137af8ce3c607c338d4eecd9f9b29d624000c00e4490c00e4790a32ba1037c997ccb50a7096930dae115c3cc7c2c5732c74258097b71bf8fbe6005eda6e60f7216f5ed4d2290b0ae64fb2b16c9a8d05932c5496b97bbe6175822fbd2f814fff24ecc935020c8551ba6b204a8501807c40b9de023071a88d0943f45e41ca43c0c2c936164eee6e85d8dbaaf0ca4e03afec5078756700bb0e783310d4550a668dedbee8cf9f6ca32254d89fe39cf136ae3dcbc4834f7aefe34c042375d740948af7fe62887a52f67088bb17bfb9e3dd6ffacf557dade05d332cbc6b060098d8dfd61d0836bc6e60d35b0adbdf36d095287c5dfdab0433c70a4e1b6d61d6581b63078bf6a57aaf3ad3c4865d069e6ff2d8a040b6009087310090e709d460b7cf31738c07db8f7b1854233867ba8573a6777755d802ec3a6060ebdb0aaf1f50d87d5061d70185dd8794237de2fdab04836b05e3eb8171f5dd2d246307dba8aff5decfca50c0e72f49e0a3dff7dc788011ba0b204a850180bc4f50eff629a68df45e0b40268602c60cea5e90a8a784051cee50387c04387844a13dae70a4abfbb1f698827d74ea414518081addab1e960505fdab80c1b536065403216f4fb3ef654095e0f68b13f8979f867597729c02ea74d740940a0300f981ab2d0035e5ddfdd8c52414e81e6038b80628a5fd68164eb6f19ed9167efbb237d28b00fd74d740948ac73acc88927275319551834ae702590a6e7e97e9a56e8a5add0510a5c200407ee06a33ea8801fe6bfea7d4aaca04b75da0617464128a2d00e4610c00e469cb96ad0e02a870f31c03aadc3c3ae9b0788a8d25530abfae434f5280e5ab89f2c500409e660e7fbbc6ed7354f5614d7af2ae5b2f30515ee0350992e0382bf22c0600f2b684e57a00a8add07e912017d4d70aae58a4bd15c01ba31189926000204f133be47a00a8610b40d1fae0420b836bb4fe7ed902409ec500401ea75cedff0780b290a7168e2107558404d72f377596c0371779160300799a181272fb1ca1005b008ad979a759185bafed771cd77562a24c1800c8db140a1000dc3e03e96428e0ea33b54d0b8ce93a3151260c00e46962bb1f00c20c0045efece936460fd4d20ad0a5e3a444d96000206f5385e80270fb0ca49ba180ab166b6905600b0079160300799a212eef030c20c8310025e1dc195a76326c2bf40989b2c500409e2650ae4fe40e71a256490818c0bb67177c5d8043853e2151b61800c8d30a13003853ab54bc67b68960613ff51800c8b31800c8db94edfa246e4e032c1d036b8045a714ae1540441d2ed8c98872c400409e262ae07a000872106049b9646e21bb01e460014f4694130600f2b480e5fe286a4e032c2db3c7d918585d98561fa5e48d829c88280f0c00e46956d06e77fb1c1c04585a0c059c798a5d989329d959981311e58e01803c2d689bee07008e0128394ba715a61b4004bb0a7222a23c300090a7c5cd90ab01206074df115269993dce465da5fbc12f68d90c00e4590c00e46903bb8c236e1e9fab00962643010b26bbde0d90181a38b4d7ed9310e58b01803ced8927ee8ec1c5f5d419004ad7cc31ae0780dd6bd6ac29f8ca4344d96200203f38e0d681d9ff5fba4e1de3faeffe75b74f40d4170c00e403b2dfad237315c0d235a2bf8d4135ee850005c5fe7ff2340600f201c3b5168070902d00a5ecd4d1ee750388d83b5c3b3891031800c8f344dc6b0108730d8092366da47b01501422ae1d9cc8010c00e479ca506fbb75ecb2905b47263f1833c8bd168080116400204f6300201fb0df74ebc8e521760194b291035d3bb459d38a4dae1d9dc8010c00e479ca56aeada7ce0050da86d5d96e4d056d3e3a8595c8b31800c8f36c173754290b71164029331430bcbf1bdd00c2e67ff23c0600f23c6504dd0b009c0550f2460c70fe3d20301800c8f31800c8f35aec3dbb00b8b2a21abb00a8bacc85838abdd185a312398a01803c2fb2664d5c5c5a558d5d005459e67c0834c4883a7e5022873100902f28a0d98de3b205802a1d6e0110a03d7460f066678f4ae43c0600f20971250084b90e40c92b0f3b7d447971ddbad5a6d34725721a0300f9852b01a08c2b0196bc4a87038012e379678f48e40e0600f205a50c5716556117009539fc1e10c3fe87a3072472090300f98292842ba3aab914300594b303414d510c00e40b0c00e40bcfac7960178016a78fcb16000a061c7d0fec7c71cdbd7b9c3c20915b1800c82f04707e77b52a37e68093af049c6c0050f29c83472372150300f98652d8e0f431abcb9d3e22f94dd0c1bd00c4e60040f20f0600f20ddbc63f9d3e66950b8bc090bf38ba1990b29e75f06844ae620020df90807ad1e963d654387d44f21b0757026c1989032f39753022b73100906f24fa253600e874f2986c012007c781ac5bb3668d2b7b5610b98101807ce3a5071e4808f09a53c72b0f39dcfc4bbe54e150081460ad2307222a100600f215a5d40b4e1dab8a0300094055d8a95620e349870e4454100c00e42f361c1b6455c3e67f02505b0138b016d0dee7d67c8f5b0093af300090af88b29e76ea5855e50c000484828e8c05598beeb52a887c8301807ce5b935f7bd09609b13c7aae60c003a6a6075dfaedd22ecff27ff610020df11518eb40254b30b808eea5fd5b7d74bd0fe93339510150e0300f9cee4e1f666278ec35500e9988135f987c19103edf8739f374d07cb212a080600f215895c37e06b1f48dcecc4b1aab90f001d35ac7ffe0160e914099b01fb4ff2ead57d6c47202a2c0600f2154be481a1fdec916306d97d3e565559df8f41c561785dfeaf5d30c98202a65981d07f38571191fb1800c8371291ebce06f07e009837beef17ef9aca3e1f828ac4f0fef9bd9f6aca818651c75f7b7d3cfad1d98e1545e4320600f20d2572c7b17fcf9bd8f700d0d7815f543c460eccaf0be0f4891602ef7c8a1a868dd50e9544e43a0600f285f8866be7025874eceb996305e160df8e39a08ab300a8dbe01ac96b4cc882c93d83a8ba4822d74d74a42822973100902f18c0874ffcba2224983dae6ffbae0ce8e3dc6f2a1e4a0163eb736b550a1ac0fc89bdde838669cb558e1546e4220600f207854b7b7e6b51afbbafdcf4afeed3cba9c88cafcf2d10ce1c6ba336c962528692cb1c2a89c8550c00e479f2dab5e3018cecf9fd45a7d879afe15e59d6dd8a4074cc29c3730b94cba6256f8112a86912b96e80133511b98901803ccf52b230d9f707d508a60ccfef22ded7a55fa9f8348cccfe3d61a8ee009a82b29435df91a2885cc40040dea7d482540f2d9e92df3800f6ff534f6307dba8cc7220e08cd176da102976eaf72c91573000901f9c9eea81b3a75b7975030cab6300a093190a983926bb6e806553d3074f0595f23d4be4150c00e407a3533d30ac4e306544ee830187f66300a0dee64fcafc5e3214b0645afae789c218a76a22720b0300799aac5f19023028dd73ce6ec83d000ce9c3daef54bc164ccabca7cfec71360667d83c480986395513915b1800c8db42f61064789f9edd60c2c8b11b60682d0300f536a41f307670faf7c6bb4ecd6adc492d370722af6300204f4b04cc8c7752036b8059e3726b0518da3fef92a8c82d48b3cc7479085892edc053c318ea504944ae6000204f532a509bcdf32e3c2dfbd9004103a8afe54e80945caaf9fd00b078aa95f54c818484fab0c72091fb1800c8db44b2ba522f9966a3ba3cbb66fd918304a1409faaa2223675a48d094392bfedce3b3587e018c8eebd4ba40b0300799ba1b2bab52f0b0a9667391870428e6bbe53e9b97056efb7dd802ac19c1cf69f10cbca3ca29048230600f2361b597fe25e3433bba78ecb71cd772a3de79d6af5da6df2dc53ed13b7fecd28ac820c00e4690c00e46992650b00d0dd743b7958e68bfbc414cdbb44c7d45600ef9e7df25befbcec46ffbf2398fd7b9748070600f23411d596cbf32f9d97f9a62b55ff2ed189ae3ad34459b03b504e1c6a63e2d01cdf37b158bb0b6511398601803c2d1ceed895cbf3cf9e6ea1a63cf5e323fadb18d2afaf55512918542378ff19dd37f117cfc9393426b0a5738fe34511398801803c4d4d7aac150a2dd93ebf3c947c00d7317327b0ff9fb277cd5213e3eb6d9c3b23e7d6fcddeaf235ec02204f630020cf5336726a0578ef3c2be560ad39392e1844a5ad3c047cefa3095495e51c1c737acf12e9c000409e2750afe7f2fc11fd6d9cddd0fbe62b140066e7308d8b0840d6eb4bf4c000409ec70040dea7ec6db9bee4234bcd5ed3b8964cb5505be1545144a989c276dd351065c200403e60accff515a3060aae5df6ce8c80a0017c6409a7655361281b39bf67890a2d98f929447a056ceb79cbc83dab5eb9c88469034f6e3470d5622be32e6f444e0984f0bcee1a8832c9711355a2c21381b222d71e00c03dfcc80f7606a73f345677114499b00b803c4f290894b049950a2f9f4623e1dd3ff9030300f98288f19cee1aa804e5d146aa14f85e255f6000205f1091dfeaae81281b86587caf922f700c00f98619b9761b04e374d741948a827a2530fd87b374d741940db600906f88a85febae81283df9a5ee0a88b2c500407ef20bdd0510a563aa000300f9060300f946b061d4730076e8ae832819a5b0a1ace10711dd7510658b01807c43a9d5b682fc97ee3a8892115b7d47770d44b96000205f3182eac15cb60726ca5b6e6b00ec0d545bffed522544ae6000205f51531e6a131b0feaae834a400e73a414f03d35ee912ef78a21721e0300f94ed008fe17007ed89257b41971b94f771144b9620020df510d0fbc2ec0b774d74104004ae10e35fbe17dbaeb20ca150300f952b0b5ed1be09eeba4990051a333c881a9e44b0c00e44b6ae19a4e009fd05d0795bc556aee0309dd4510e58301807c2bd8f0d06f20784c771d54b2ee0d4d7f68adee2288f2c50040be1630ca6f54828dbaeba092f37ca0acea53ba8b20ea0b6e0644be271b3e3aca52ea59002375d742c54f80a6605c1671e01ff91d5b00c8f7d48c877705c45a06a8adba6ba1e2a6041b83a679162ffe540c1800a828a8193fda1a0805e603f89dee5aa84829f53323163c53cdfcf19bba4b217202bb00a8a88840591baf7d2f143e0f609eee7ac86714ba20283fe13b02e059287c2dd8f0d013baca2272030300152d895e37c6b2301d506536ec7a43e1fbba6b226f532a70aba5ccbf1bb61a07858e80696c50a73df886eeba88dcc0004025419a3e5e66c5daf701a8d15d0b795740a949aae187cdbaeb202a048e01a092a026dd1d03f07bdd75907729e0355efca99430005029f9b9ee02c8c394fc4277094485c400402523d0157c02c011dd7590379908320050496100a092a1e63ed001c11f74d741de23c096b2861f4474d74154480c0054628c9fe9ae803c89ef0b2a390c0054520246cbef00ecd75d07794bd0e2a652547a1800a8a4a8863571f06e8f4ef6ac3aeda1cdba8b202a3406002a3936ec1fe9ae81bc43091ed55d03910e0c005472c2d31f79514138e08b00a0cb9032b60851496200a0d22478407709e4098fab53bf7f487711443a300050493262a11f0168d75d07e9651b06f787a092c500402549cd7da005c07febae83f45150af84a73df80fdd7510e9c2004025cb06eed15d03e923b0f9fba792c60040252b3cfda15701f5b4ee3a488b0381ae105b80a8a4310050a9fb96ee02a8f044f03d35f7810edd7510e9c40040252dd0f0c3df714a60c9e9082684cdff54f21800a8a429051131fe43771d54500fabd90fefd35d04916e0c0054f202e5958f017843771d541089800d063e22300010414dba3ba6a0bea1bb0e2a8847d4a90f6dd35d049117300010013054eb830076e8ae835c150f5806831ed1510c0044e8de2550297597ee3ac8553f50a73db85d7711445ec10040749481d68701b079b838b50782f8baee2288bc840180e828d5b0260ec1e775d741ce530adf52531edaadbb0e222f6100203a4170c6438f03f8bbee3ac8410a6f1a66e2dbbacb20f21a0600a21e6c259f0620baeb208708fe559df628777e24ea810180a88770c3c3cf03f899ee3ac8112f061a46ff447711445ec40040944440d99f84428bee3aa80f142cdb901b955a6deb2e85c88b18008892500d8fec5182d5baeba0fc89e0bbe1690fbfacbb0e22af6200204ac188b6ddad807feaae83f2b22ba8cabfacbb08222f6300204a415dbec6b260df00c0d45d0be548d44daae1de23bacb20f2320600a234c2d31f795194faa6ee3a28273f08cef8e1ef751741e4750c00441904d17aa7025ed35d07656547a02cf619dd4510f90103005106aa614ddc32e4a30012ba6ba1b46c11e3a36ad263adba0b21f2030600a22c84a73dfcb2127c41771d949a407d3534e3c175baeb20f20b0600a22c19d31ffa3620bfd55d072523eb82d1d63b755741e4270c004459520a1288e33a00dc54c65bde0e04d587d4e56b2cdd8510f9090300510ed4ec87f789b23f088e07f08ab818ea72eef447943b0600a21c851a1e791a4a6ed05d07014aa95b43d37ef894ee3a88fc880180280fc186871f86c8fdbaeb2869b63c1c68f8217f074479620020ca53c03872ab12bca4bb8e5224310be6de8ebb74d741e4670c004479520d6be2f1968e4fc2e466738524090b666b17a0c0417f447dc00040d407764cdacd964e88c510500862dab05aba0011dda510f91e0300511f8925305bba20362f4a6e124b601de6cf99c8290c00444e306d58873b797172895836ac439d109b2d2d444e61002072883004b8a2fbe2dfc58b3f91c31800881cd4dd47cd10e014def913b9870180c861923876d16208e80b4958b00ef2e748e416060022171cbf73e5ec80bc48cc8479b80bc2d1fe44ae61002072c9f11090e074f55c581d09989cea47e43a06002217892d300f75c1ea88eb2ec5fb04b05a63b08fc4745742541282ba0b202a7e02fb481cb00481ea30a094ee823c472c81d5da0949b0cb84a8501800880ac4ee4cc04e5808d59601c180ee723cc3ee3261b7c5d8df4f5460ec0220ea2331cab27fb2692371b0137667c2bd82fcc206acb618acd6dc07fbe5f43327a2a4180088fa203676e5e99d933e0b31c239bdce6a8bc12ce14583246ec23cd49157109240393a27df8ec4841b4e73a134a292c1ce48a23c894870ffe1038d506513832dafa17cdbf700c971c4bf520854876194874ae2af516c817d2406bbcbccef002a80ce09b7c1aa6d80b2e31b07f61f709a528a030788f2c01600a23c1d6869fb1454d9440030fb9d8ad8e8ab733f88c8d1d6808ea21f006775c4611ee8c8ffe20f85ae31d7c0aa6d000088119ebebfe5c8f5ce5548545a4ae09e83c879fbdadb8721616f02507be2f7c36ffd2fc26ffd26efe31ae541185561a84091647301ec9809fb48bccfcbf9c646ac4062c8f93dbf7d3061c829c36b6bf7f7e9e04425a8483e65880a2c617f073d2efe00101f7631120317e77d58bbcb8479b0a37b609ccf5711b4bb12effcb7f4f1e29f18bc2cd9c51f0006846cf5b53e1d9ca844b1058028477b0fb52d510aeb90eaef476c946fbb07c19657fa7c2ea33c08a33204e59369832202bbd38474c41d1be068f63b0d5de357012ae5fd8aad94bd7050bf7ecf3b7242a212c11600a21c8848d050f81ed285676520366e25ecea097d3e5f778b4027cc6353073d3a575e4cab7b2cc3fe76d847628e5dfcedaa71888dbb21ddc51f000c11e31e11e1e719510ef807439483032d6d9f126046a6e7895186cef1b7c22e1fe2c8798f5d6013fbda61b674c1ee4a009a7b08c4b461b5c7611eec3821a038777cbbac1e9d136ecb76ceff1c0e0824ca0dbb0088b2b4f7c898854b18000020004944415491a1ca94cd48d2f79f8a11db878a2d5f874ab4ba52932a0b40858230420654c8809b7fd26209246142e2162461412cf75a23245487ce53fe157678602e2fe38040a21cb00580284bca94a403ffd2b1cb06e772179b338959b08fc4601eea44625f07cc439db0da62b03b1390b8dd3d903097ebb40062db10d3ee5ea2f7480ce6e12e9807da611e68efdeaca7cb74f7e26f94a373e26db95efc0160c08ed7f7fe72c127ffa3c28dba888a8d3f461611697674e0dfb790c72db684ea2015a3103cbc1e8eb69127630bc4b421710b7657a27bff818e38a43301abcb847426baa7e5751d7dbccb84dd79f47fed0958ed31d81dddaf9398d9bd3641ae21a22f5400b109ab60554fcaebe5fd6baac6449b9a6fa89c3c373178d6d2d7de7a691dd75c264a810180288d392bef0fcd5cbcf07d8b674efd9faa8ab2f27c8f63970f815d3608c1c3ff74b2bcec09005bbaff6749f745dd3afaef63dfd73ec0502136f61a987573f33f825218337470e593eb379e1f32d4f5634f3fcb1e346be9ab0c0244bd3100102571cecabbfa8d5cb0e4e361a3fdbf2f5a34fbfa053326f7b90ddfae180500081cd9dce7fa8a517cf8fb90187c769f8f33a0b61a075b8f60dbeebdd500ce0b07d5b5a3e79dd572c6d89b5e8d46d7e84e39449ec14180442738f3b6d5a39569dca680eb01d4d6d554e1ee4f5e83cab2dc36fb49a76cd76308ed7bd2b1e31583c4a025888dfe8863c76bebecc2c7fff311b4b577bef34da5361a363ebbeede2ffed1b11311f9185b0088002c5ef9b56163172cfba6b2d5230a3813401900dcfcbe733161b83353f98eb16aa723d0f9068cd81e478feb5766bf53111b7b7da6b9fe39290b0551555e86f59bb69df8ed7a51b86acce9672d18376fe93f76bcb8eea0632724f22106002a690b3eb97ac0b8d9cb57ab80fc04c0429cf037316dec087cf8fca5504eb7932905abff4c048e6c82113fe4f0c1fdc5ae1a87ae099f008c90e3c71e37bc1eaf36edc081d6233d1f9a284aad1c7bfa598169f32ffd47f30b4fe4b8852351716000a092b46cf5eae0a886e5b7062cf52ba570368093ae4001c3c0e7afbe0475d595ee14a002b0facd42b0e51528b3d705aa24d86583d139f13390a03b3f63a514c60dabc7ffaddf986c124310c05909e9ba7cdc19cb37ee7861ed0e578a20f23006002a394b6fbe739e74a85f2ae05a004947f65fb6741e169d3ac5dd428c30ac7ea72178e845283be6eeb93c4682d5e89afc3948ee73fd7372c280c0544f1928c047c69c7ed6f071f396aedbf1e2bab8ab051179080300958c77adfafa9491f3967e5714be0b6044aae78daa1f88eb2e588c8a8abc67fd654d0295b06a4e41f0e0f350521a2dd16294a173e2a78ecf8a70dbc411f57869f376b47574a57a8a0230074add30ea8c65db5f7f615db420851169c69500a9242c5975c7573b614604b8121966bfdc7ac95905fdc3b02bc7a26bc2c7012358c0b36a726ca3a4aaf1053b657920805bdebd2ce3f3041868887a7cc92d77fc71c58ac7797344458f6f722a6acb6ff9ea9851f396bd0ca84b5416d35e2f5d340b53470c413010407965e1569495b2c1b0c383f52d145420b1511f8239604161cf198b2360db48882d5b77efcb6248a79ad85eb9ffc649f396ff7edb8b6bb9af00152db60050d15a7cf39dd798ca6e864256b79b43ea6a70eeccee7e7f5b0abfd59e39603ee2c32e29f8790b253eec1224069f55f0f38ad5fdbbbc74fe4cabaeb2626b562f52a88f2bd9b8ece6afae72b336229d1800a808895ab2eace5f28858721c8aa5dbd3c1cc4bfac382f76ecf6d076683ffb5cc587bd0789fabeaf86e73589818b111f76b196731f0f7322c16f5ef7fece60007701c8666960c356f6dd4b6fb9f3a78070d1342a3a7c5353515978e3b7ea8381cef500b21e616618c6ceaf7fe4e2967e9515a71eff5ec0c0a021f5aed49891d8a8d8fe7d040ebface7fc0e33fbcd40d7f88f034a4f8fe3e10387108f9d30cb2210f8de4ddffbc943b0f11300d3b23986886c93daf0dc67eefa7c692fdc4045852d00543496def6c579c140d70e647ff14f40e1aeefdcb0e277275efc01c0b60adf05709c32d035ee63b0aa27eaabc12176e558c4c6dda4ede20f00b6dde3776959abbe7ff395f312e1eab900fe0b59ec75a8941a6fb425762cb9e1dff2dba690c8831800a8282cbdf5ab578b197a0e906c47ee6db00dccbbefe62b76850ce396644f909e178e02121546e7f88fc32e1fa6ad86beb2c383d039e15688d1e77d94fa24e9ef51e49e1fdc70f1fca7eef9d26da2e40200fbb238542d42e18d4b6fba73b1d33512e9c00040beb764d557be2c96f563643bab45c9dfda13f6fc076eba62ae0077a77a9aa5b315000082d5e89af80948a89fde3af211ac46d7c44f7aa2f614bfc7a0b2654d24d234ebe9ef7df94f4154ce83a02de3c1046131b06ec9aa3baf74bc50a2026300205f5bb2eaceef43647536c35944c186e0f34f7defcbcb7ef4c9ab3e24c00348f337201a6602f4648707a16bd2a72081c24d49ecabeed68b5b61970fd55d0a4404695af80742e1c94864cb194fdef3999d872b2b8641c9c62c0e6b40f093a5b77ce5b3ce554a54781c0448beb5e4963b7f06e0f26c9eab80968404963d7bef175e8944b6dc00a5be8f0cefff7efdeb505680d500b311686b44c5d6ef00b6a9bb94f49481ce7137c1aa9badbb120080655938f076c6d6fd16059c3f6ddaa47f00c09255773c02c147b2fc78fcce53f77ce9937dad934807b600902f2db9e52b8f23cb8b3f80c6238921c39fbdf70baf44a35b3e97cdc51f002c8d63007ab26aa6a26bf447e1f5cc1e1ff141cf5cfc81ac0773f613e04f1b37352f0280a7bef7e56ba0f00948e6c181003eb1e4963beeeb5391449a78fbd384288925abeefc0504efcbeed9f2d853f77cf92a11093436367f5780a403fe92a9aaa946554d75be65ba22bce7f708effea5ee32928a0fbd08f1e159fe5a0a24d61543cbc1ac67eec520b8aea161d26300b06cd5eaf7da30d664b79684dcf3d43d5fe6a241e42b6c01205f597acb577e9ce5c55f94812f3c75cf97af8a4422d5d1c6adff9bcbc51f48327dcc03e2432f42bcfe1cdd65f4620e3803f1e197ea2ea3971c67729441e1d148a469b588a875df5bfdeb9865cf114847e697aa5bcebce52bdfceb74e221d1800c83796dc7cc7b7057275a6e709602b181ff9dbdd5ffafae6cd9b4740859f06e4a25ccfa7752d8034e2233e08b36e8eee328eb36aa620e6d1ee893c429c82c297a38dcd3fddb56b57c5f3df5ffd5a402a264090b119c110f9f4d28fdf79477e9512151e0300f9c2b255777e06509fcef84405336863f9dfeef9b747a3d12de798b6f1328099f99cd38b2d000000a5101bfb315855fad7a4b1ca47a273fc2d1023a4bb94a4faf03bfc406b5bd7ff6dd8d03c6addbd9fdbd36eda93011c48fb0a05888d2f75bf5789bc8f01803c6fe9ad775c6a0bfe3de30da68269d8c6594fdefbc5a736469b6e17a83f4290f77abe3a1702ca448c103a27acd2ba50908406a06bd26d40a0525b0d99f4b115678111907f46a35b2f7ce981d5fb5b43f6448864dc1dd0b6d5bf2fbdf98e2bfa7262a242f05e9b1dd10996ad5a3dc516630390712096a96c2cbfefd615515b828f02b8a0afe7360c0383866ada0f204b2a7110959bbe01953858d0f34aa0025da7fc0bacf291053d6fae0e1f3c8478572cf313d31328757767fbe1cf5cff93df55f54b184d020ccaf01a4b0c7be1d377af7ea1af2727720b5b00c8b3167dee9b359618cf23f3c5df522696dcbbea43624bf0653870f107ba9b8fbb1792f1ae6377e152c0bb703142e89a789be72ffe8063ad380a22b75654f6fbeba3d75d55d389e01420e3988080b28d7567dff69d214e1440e4060600f2ac407b6cbd026ad33e4920a150f0b2efdf76e50550f63a00a39dacc10bab016662958f4457a1fae195426cecf59e187f900dcb74f4f7b7c408c88687575dfe7e3182a728e04886e75724ccd657e6acbcdf9b0324a8e4310090272dbee98e1f03989ce979a386f6ffd7fffad88acf08e48bc8762f801c387c01718d553305b131d702cadd5ebdf8c80fc0ac9bebea399c64db96d387ec0791fbefbb79c53dd3460f3b17824486e70fad0aed79c6e922889ca06f8f4ea214167ffc2b9729e0ab999eb770eab8dfaeba68d987a1e0dabeb965e5e50806b35807c603ec8a11102384605bd495e327869c8ff8d0f7b8726c37d896858ef62ca6f0e7a7e1f4c963cf378cc03736bff9f6d92aed782a3562d4e9cb6a5e7f71dd9fdd2a86281f0c00e429effaccb7ea2d33f10c32bc3797cc98b4e743cb4e9f0320ec663de17018a1b07f5a70edea4950563b02eddb1d3daed9ff74c4465ded7a0b83934ccb425747a77b2750a89d3462f039f575352fbcb2ed8db4032214d482b1a72f7b76e78bebb6b95710516ed805409ed2d5d9f91c24fd457ddee4b1d6154be61664ab39cfae0590466cc4158e36d35bd5a714a47bc169055ac8499d3e79ecfc0f9d352f5353831251bf99b37275a6d9034405c300409eb1e496afdc05607cbae78c1c5887abce3abd602d5796e5781fb2fb8e0dd4abeefb403dbb7c383a27acf2ec423fe9d805fcdd9d396d62e5bb664d49ff2485f2aab0f1b7c254449419bb00c81316deb87aba32d4a3e9fa522bcbc2f8c425cb515359b82d7a8d4000e51515053b9f63540056dd1c045a5f8361b6e6750809f547e7e4cf02a17e0e175718f1580c8978bc60e73b65c4506cdfbb1ffb5bd24e0e183c66def2d0ce17d73e59a8ba8852610b0079423060fc45a5793f2a055c73ce020cea57d8ddf9bcba1f4036245081ae899f808406e4f1da72744dbc0d121ee842658551e8d61bc350f8e8390b51579d21301af2f945b7dcd95098aa8852630020ed16df74c7bd00d2f6e92f3ff514cc183bbc4015bdc38569640525a1fee89cf489dc160a3282e81a7f0bac8a51ee1556003ac66fd45494e1da7317c148375e426004047f295c5544c9b10b80b43ae7a6d5e36dc3f811d234fd0febdf0fd79db70801a3f079554450595d05e5b301702792602decea09081e7a012ae3c2460a5da33f0aab6e76416a7353c7910e2d2160604d151414b6bcf976ea2729d48c9ab7bce6f517d7726a2069c31600d22a66184f20cdfb30183070ed790b110eeacbaa7e9c09d053b623f9632357c01cb8b04055b94be700cef3e74ec3c46183d33ec750f289777de65bdede6c828a1a030069b3e4e63b6e501956fbbb604e03460eac2b544949f9791cc089ccfea72336fcb2948f27069f8544fd7905acc83d22a275374743297ce4ecf9280ba55d442ad0d9d9b5a6503511f5c42e00d262d9b2b5c1f088dd4f5bb69df21372485d2dae39678196a6ff13f96935c04cecea8950562702ed27af4763f69b89d898eb7c37d73f15dbb6d1e9de2a8059a92c0fa33c1442e4f5b7523ec7506accc83396fe69d70bebde2860694400d802401a34366e9d7cfe3507b7c4126659aae728055cb16c2e421a9bfe8ff1e55a0069c4467c0066ff77160ab2aa272136ee464015cfc781575a6d96ce988cf1c352affd2322983d7ad49f239166d796b3264aa578fee2c9f31a1b1b0746a34d77c5ccc46bffd8b4635cbae7ce3f653c4e19e18d9d54fd3e13a017a5d035e663b06aa6c22e1f86cef11ff7e5423fe9147211a07494023eb8646eda59011b5fdf5d73b0ed486324b2e5fe0d1bb679e34d4f258101805cb769d3a69a8dd12d5fb425b85d80dbfffacaa6b2836ded299f5f551ec6a50b6716b0c2f4bc7237e9282388cef137a373d267806095ee6a1ce7a5dfd9a841fdb1706aea052e2d5bf0e7571a83506aa511b036471a9b3effeaabaf16df2f853c8701805cf3eaabaf5645a35b6eb3ec409382ba13404d5b6717fef27263dad75db668166a2a52f60e145c31cc0248461d6e033a457719aef05aabcdc5f34f4538cd3892bf47b7a2adb30b00fa41f0f560b8725ba4b1f9d3ebd7efce610107a2dc300090e38e5ef83f170c55ee10a8ef0038deacf99be737a0339e7a0bf509c306e38c53d26e07507096e9ad8b89233a8fa0ff0fbf81ba07be06d59176e95a5fb23cd40200003515e5583c7d42cac74dcbc6d31bb7bef30d413d44be5d51d9be7363b4e97606017203030039261289544722cd9f09862ab70bd437019c34fa69cfa1363cdbb835c5abbb5dba60a6e706a28bc7ee26fb4a5926fa3dfa1da88e7618475a50f3f87d4091b5725896a9bb845ede356b6adaf52c9e8e34c1b27bb5c80c52c05d15951dcdd1e896db1804c8490c00d4679b376f1e148934ad860aef80926f0148ba02ca9f5f8ec2eefd01775cc3a8a1183734f775ebdd66db0291e2692aaffcc37f23b87be7f1af433b36a3f2c95f69acc87996e9bd40535b59810569c6021c6eefc42bdb76a578548609d4772a2adb7746224dab1b1b1bfdbb490379060300e5adb1b1716ca4b1f9bba665ec84c29701a4fc503a74a4032f6ed991f2588652387ff614cf5e688b652a60d96bff40f94b4ff7fa7ec5dfff8470e3cb1a2a729e88786e0cc031cb4f3b256d0bd75391e64c871804852fdb12dc19696cfe6e24b275b493f551696100a09c353636cfd918ddf2535b824d10b91540c666c93fbfdc08334d33f3bcc96331b47f0d244d0b814e76118c0308ee7d1355bffd49f2074550fdab8711d8bfa7b045b9c0cb8336ebfbd560eaa861291f6f7af36dec6f4d3d43e6045510b915ca6e8e449b7ebc71e3e6d31c2b924a06030065251289842391a6159168f35f6c91f50aea8300b25a1eafadb30bcf366e4bf978c05078f7e9d32162b305c0252ade85eac7ef834ac4faf41c3ff0faef6ae98c49291f13015e48d352964408c0d5ca305e89449bd647a3cd1f5ebf7e7d712dea40ae6100a0b4366cd8366463b4e97620bc150a8f03724eaec778f2d5cd889ba907652d9e3e09836aabbbd76f8737efde2c8f3629672587bbfbb4ad043ee195458052993e7a380654a79ee6ffc2e61df91e7a8e407e5451d9eff568b4e9aecd9b378fc8f740541a1800a81711312291ad6747a24dff6304ac5d0ab80b0a23f33956672c81bf6d6c4af978d03070deec69c7ce0b8f3600786a61995ce5dabf9f6a9c805f787ddaa661289c71cad8948fbf7db815dbf71ce8cb29860a70bb69195b23d1a6471b1b9b968a88c7e6d690173000d0719b366d1abe31da747bb4b1790b94fd57001f40771363defeb6710b3a63a9e7fdcf3b650ceaaa2ababf10f1ec1800af5f5452e91ee1ffeb9c5f57f9c44f11dcbdc3f9820ac0eb5d0000d20600007879dbeb4e9ca60cc055b6605db4b1796734da745734ba6d8c1307a6e2c00050e29a9a9aca2291a6cb228d4d4f5876a0fb6e1f48bd62490e6c5b4e5edc2489e5a74d39fe6f1181579b00fc7051e9c938d282ea5f3c08e4d17da1cc046a7e761f0c1f2e12e4f52e000018d2bf16a307a79ef2facfadbb9cfe531825c0ed026b6b24dafcbb68b4f9d248241276f40ce43b0c0025e86813ff9991c6e6efc613d8058535109c0f87df0f1b76be898347528f686e183d1c2307d69d581704de0c003af796cf8b6da1faf1fb61b41dcefb1046cb0154fdea21cf86b254fc12d64e9f9cfa66fc406b3bde3870c88dd30600b94820bf840abf1d8936fd786363d37bd6ae5d5b1cfb5d534e18004a4824d2d4108d36dd156ddcfa0694fdf4d1297c4917ed7142a6bbff73669d72d2d7dd6300bc79a1f5f2dcf2642afffc0b845e4f3df6225be1a60da87cea0f0e5454385e5b063895391347a75d13e095ada91605724c1d80ab95e037f543461e5b57e04c8e17281d0c00454c440291c8e6c59148d3ff8b449bb64161a300b703927a22b2430e1e6947e31b6fa57c7cc4a0fe3865c4d09ef57a760c00e0cdd5e592096f7e0515cfffd5b1e355acfb5f849b373a763c37d9b6e59b168bbaeacab4dd00af6c7fb380d560f8d175059e8e36363745a2cdffbe7153f32211e135a288b1d9a7c86cdfbebdbcb33371a628e33dd1c6ad2ba00cd72ff6c93cb3716bda657fcf9d35e5a4bb9f63f3ffbdba0e0070ac6fd9db53ac0307f6a2fa970e37db8ba0fa170fa2e5862fc2aaf3f60ab47e0969c79c3a760476ee3d98f4b1dd070ee3e091f6b453065d320190cf2a1b9f8d3636ef8f449b9e80e0b7a6d9f187d34e3b2dab558ac81f18007c6eeddab5c141c346cf34c45e02606947a77936a0aa74de0559b6e0d94da99bff6b2aca3177e2c9fd9fc7fafebd7bf9f77edfb232e3a85e731f54acd3f96377b6a37acd7d68fde8e72041ef86203f0c003cd18cb1c3f1db1736a47c3cfafa1e9c39cd9131b9f91a04e06a285c1d0c551e89449bfe4f01eb003c3575eac4579552fefa81d34918007c68c3a66da71a96f56e18580cc122d8768dee9a4ef4daf637d0d2de95f2f1f9a78c43c038b99bf158d7bf975b00bcbe1850d56f1f43708f7bfdc6c13777a0f22f3f47fb0557b8768ebef27a48eb6958ff1a0ca8aec0c123c9435be4f5ddba03c089aa015c22c02500106d6c6e8d44b73c23504f29c1ef1a1a264534d747396200f08948a4a901c00a285c0edb9a0a05cfde2e3f134d3ff86fc1b47149be7bace9d6a3ff51f0f67e00e52fac45d9abcfba7f9ee79f84397c0c62a72d74fd5cf9f05b0010114c1a3610cf37bd91f4f1cdbbde86654bafc0ec11b580ba50011742e1ae48a4691b0cf53bd86a4d43c3846774174799310078d8a64d9b865b56602514ae003059773dd968eb8c61d3aed44bce8e1b3210c3faf7ebfdc0d13b7f0f8f01f4ece8f2e09b3b50f9e735053b5fd5ef1e83397c2cacc1c30b76ce6cf932000c4d1d003ae309ec787b3f260c736db28e7314c6770f24945b23d1a64605f96fcb0afe60c68cf16feb2e8d92e3084f0f6a6c6c9e138936fdd8b2033b8e6eb3eb8b8b3f00bcd4b413769a66fc4529f6433f7ee1f7721780072f2eaab31dd53fbf1fca4cbddaa2e3e74cc451f33ff742c55277f3e8e2e5569aa40418573f20ed1d7ef3ee7d052cc8315305ea2b46c07a3dd2d8f47834ba25e73d44c87d0c001eb176edda60a471cb359168d33f6d91f500ae86d7879c27b1be39f512a6e16000b327a5dabefcd885df9b77d940f762409e1aa37074747ee0d0fe829f3a70e06d54fff2879e0b6c5e0c69e9d810948502183da87fcae734bfe5cb00704c18821502f59748e396172291a6ab4424a0bb28eac600a09988a848a46945fd909111887a18c04cdd35e5ebd0910e6cdf93fa62347be218548493af3e7aecc2eaf505f7bc7481a9f8db6fb5cecfef5e6fe0ffb49dbf27db6b012d1b47eb9d3834f5f4caad6fed4fdbaae61ba2e641e1d168b4796324d2b4820b0ee9c700a05134bae59c6863f3faee6d76fdd3cc9fcacbcdafa7fda05a9066031449f22f2ff2caa640a16d51543ef57bdd65a0f2cf3f7764c541275869b69cf6aa637f2e63eaeb523ea7331ec75b07f25fd2d97314a640e1f1c6c6e6173636369da7bb9c52c600a04124d2d41089363f25507f01305b773d4e79a16967cac76a2aca3171787dea171fbdf5f7fa1d5c3c16d35d028c9603a8fef90fbcd15c727ccf8116dd9520168beb2e216772b4cb6bd4c05a1869d6056e7eabf0dd3c6e1360ae12fc31d2d8f47faf6dde3c25f32bc8690c0005b47dfbf6f248a46935145e0264b1ee7a9cb4bfe50876ed4bbea21900cc9a3012469a814edebeecbfc3344dadfb152833819ac7eff7d42e7dddbb0efe20af5d079d62d936ac44e106423ae668e00d1a018c1a9c661c803f07026647b03c6019af45a34d7735353595e92ea794300014486363d3d28e0ef39f4747f517dd9bfca5e6d7d38e079b3521d5e0bf6e27def9a75b425837dbb2118fe9bbd054fef17f107c73bbb6f3a712dab119954ffeafb6f3271271585e6811c9d13b6f7bc1b82183523eafe9ada29f491712e0f678021b3963a07018005cb67efdeeca8dd1a61fd882755028da66aed776a6deb8a4aa3c8cc923d234ff033db601f67600b06c4bcb9a00651b9e47f9faa70a7ede6c55fcfd8f0837be5cf0f39aa609dbb261fb3000e0843d30260c4f1d005adabbb0bfc53bad3e2e9a28507fde186dba67fbf6ede5ba8b29760c002edab469d3299595479e53c0f5ba6b7153472c8e1d7b0ea47c7cd6f85169fb3701f498fde7dd0020d23dd23c918815b4cae0de3751f59b470b78c63c8820f4f2d3051ec7213013dd83ffc4a30b35a5639ff02e9a3824fd623fcd6fed75bb1caf500ab8b9a3d35c7f740554720903804ba2d1e60f5b7660bd409daabb16b74577be9576f4ffac09a3321ee3c41600af4f79b26d1bb62db012851975aee25da87efc3ea884fe01886919060e9f7911ba6231142ac4251226eca3a1cceb0348933aa1e47ed5e5e85f5d99f2a9cdbb8b6f2060060d50782ed2b8e54add85142b060087353535954522cd0f0be447e8de3ca3e86d7cfdad948f5596853179e4908cc738e9c3dbe39fe3c7ee341366dcfd8b8e08aa7efd0802fb532fafec1547669c81c4e0e110db463ceefe380911817974e09f2f9bff71f2fb5e04989866c9df9d7b53b7b215b11a887a2c12d9727f241249be8808e58d01c041914864403c813f43c935ba6b29145b04d13401a061f430048d1cdf661ebf933bb6189048f71da89bd4ee1d288bbee4ea399c20e132b42ebaf0f8d7a669c274795e7e3c113f9e15c5430b34e5e2e4002018372cf53880b70eb5c0f461378723945a0915fac3d6ad5b936c2442f9620070486363e358a8f0330096e8aea5905edf77086d9da9d7849f3a7a6856c79113eee06c0f2f070c740f043cc632131097662d58968d8efef5e81a37d595e33ba975feb9b0aa6b4ffa5e3c9170edcedcb6ed931665f2ea464d999d3cf8757c9a9900962d78eb90fef516f4516777c5ecbf47225bd34f29a2ac31003860c3a66da7da127c0680f73fa91db631cde87f00983232cb0090f20befb12df3f89d9ba0fb4ed4692282783c0681c2c10b3e08bb3c75dfb06e564d1ddae62cedfd8008e23177ba49123de6fcdb1ad720e88b937abe041831a82e6d8bd9ae7d870a5095a73540c93fa2d1a6a259404d2706803edad0d8b4ccb0ad67018cd05d8b0ed19da99bff870fe8977650d3894e1c04e8f5c15c2227b7585896e5f81e01b158ecf8cfc1aaaec3e1e5973a7a7c27b52cbb18124ade3d6b8b8d78dcd9c18b66929fb7edd7160039b905206818183220752b37030000c83001d66e686c5ea8bb12bf6300e883c6c6a60586e03700aa74d7a2432c6162e7ded4abff4d1d3d2ceb63296f5ff37be9d9e4dcf38eb42f12f1de4de7edd34f47c729dedb272a3e6c34daa7a4bf19b32cfbf860bdbeea9e8279728b8bd8e25a378cdb4ebafc1f0d0323d3048037f633001c556b883c11896c3e5d77217ec60090a748a469962df83d801addb5e8b2f5ad7d69a7ec358cca3e009cb41090c75b0080de9b02d9b6edc8a037cbb29030935f2c0fbdeb725855b5491fd3e5f0599776cfdace209e48c076bac5e48f0000200049444154a095c4b4cc5e177bbf36ff033d06011efd1b189e666be0370f1cf6fc34d902aa8532febc61d3d6b9ba0bf12b06803c6cdcb8f93428fc1540eabfd412d094667df250308009c3d32f6c7212ffcc0204d03d0ea0a74422d1a7dac596b49b0dd915553874de07fa700667754c9985d8c8f1593f3f16efdb7880ee697fbd7feefe1d00d8c3d11fcda881e976064ce0406b49ac0898ad7e866dff856302f2c30090a30d1b9a2628c3f82b8001ba6bd1ad6977ea95c9260e1b8c703090f5b1fc34060038dae7dca3ceee0b549e030245108b675e5db073e274b4cf3823bf7338488c005a16bf3bb7d7889c34b62157894422e96b7ddbff8f9e2d00dd460c4a3fd36dd7fe22da1ad81975a2f0c4a64d9bc6e92ec46f180072b069d3a61a23805f03483d57a744244c0bafa7d9fd6fe2b0f46bfff7e4836b7e2fc9ee3c13a695d7052e168f673d65eef0f2f7c1acd5dbf8d436ef2c98fd73ff33b06d3b651747a6d75929ba58fcba0600d0a3f7e4e8fba6b6b2023515a997c17f8303017b13d45b76e0f75c2720370c00591291802581c7014cd75d8b17ec78fb001266ea0fde8969163449ae775fa8d75949ba012082788e03de4cd3cc6916815d568e83efbe3aabbe7737d895d5689b9fff866d6622f74582e269ba57fc3a06a0d7f2c527fc7be4a0d4dd00bb38103095a9b198fd1311e1752d4bfc416529ba69eb7f4070beee3abc225df3bfa114c60c1998d3f17acc86f2053b91fcc2639966d677f3769ecbe6c6464e40db6c3d6b4eb59c7921ecb28a3e1d231e8fc396ec7e469665a51c40685bb62f5b8f9239f13f63449a0050da8b01a527c0bba38d5befd25d875f300064211269ba1622b7eaaec34b9adf4a3d0070d4e001280b05733a5eb2d1d05e97eeae3d1ecf3c1640a47bbe7fbe89a765d9c5480cca6ea125a724060ec19153e73b72ac582cbb1d151369029213330bf491945f8e18903a001c6aeb40dce56596fd4d3e1b89345da5bb0a3f6000c82012699e0885efeaaec34b44801d6936269998665ff334474dfa4f2f1391d477a6594c0b8cc7f31f1007001208e2e045574102d90fb6ecabc3cb2f050c67ce9769d603d0dd3d92aea5c0e90598743a31f8a6eb02b045b0b7853301d252b82f1add3a4977195ec70090c6dab56b8350f21394c8ae7ed9dadbd28ace58eabbb209437398fe97944f12007aaf0770a2748b03251209472e5ef121a3d03affdc3e1f271b5d63263bbe2f81655930530c0a1441c6f114e97efe5ed733fb9d1800eaeb6a61a419e3b1f770ab5b65158b2a51d663ebd7af0fe92ec4cb1800d2a8af1f792700fd73ae3c66d7def48390c6e718007ade05fba94f37dd45bc7bd5bade1730cbb21c5d39b075c1bb101fe6f2fe288681c3cbdfe7caa193ad7c08a07bf5c00c6f06f1e936c04092aeae13be0c0703e857957a9cc59e436d2e55554444cdaba8eaf7afbacbf032068014366e6a5e0485cfe9aec38b5e4f330d69404d15fa55a59ec2945ccf0f42ff24805453d38e49244cc8094dd8223662598c0fc88911c0c10baf8204ddbbd93972ea02240667bfb2632e04e8b53e808820916c96c509ba0700fae7bdd24b9a1600001852977ad5c7bd87d8029015c1bf3536362dd05d8657310024d1d4d454a66c790440e13a577d64c7bed4fdffa307f77d7d243f7da48b2d19a6a1c9f151fe82eef9fe6e049cc4c021685d7c91e3c705003b5c8ed645ee4e8091a33b071e93c8e2e7e4f7feff5ee1a5c797f575a97b1edf621740b682b68d87229148f2ddaa4a1c03401289847c16c044dd75789108f0c6bed42b918d4ab38e79ba639efcb59f22006099e99ba12dcbea5e00271e7775d5bad6b9cbd035daf9b76ddb82730bb20781655b4824ba174432b3b8b8db3eeeff4fa6e7bbbebe5f9a1680c3ad7e6a28d34b618a52a1db7497e1450c003d6cd8d03c4aa0fe45771d5eb5afb50d9d699ab0470dce2300f8ea9ebfb74cdd0000108fc51dd92c282da570e8820fc12ecbb50b2635b3df00b4cd5de6d8f1324924cca35323332bbe168093bfaeaf4bbdcf5857dc444b47a71b65152581fae2e6cd9b4b72cbf67418007a300cf94f94e8f6bed948b7fd2f905f0b40ef2100fe0a04a916043ae939592e7ad35766bf016839eb52c78ed7b2f4624820b7351dfa2adbdfbf9f07000249baba7a0580f4938f380e202735a66d7c5377115ec30070826874cb395078bfee3abceccd03a99bff6b2aca50579dfb0a7199fa42bdce16db5317a323a7ce47e784863e1f474261749c32d3818a9ce7fb018040efcda47a3c3ca8b6060123f554c03d2d9c099013c195d1e8163dcb677a1403c00944e1ebba6bf0bab70ea45e867454de03007b7c102aff7db067d30d5048872eb8125665df96af5089388c78974315392be93e0c7ed7e36d1f301406d6a4fe1db20520674aa0b84cf00918008e8a46b75e0851f374d7e1757bd27ce8a45bbd2c9d5e37723ebcb333b3e8062824abb21a87cffb409f8f136c4ddfe5a38b9d61e0a51f488f6ea1646361d28d0338d0d6e1784d25604124b2f56cdd45780503c0512236178cc820615ad8df967a09d2e103f30c00597cc7ebbc7847da31e954b44f9dd3a763045abc19002c9fee00985692e03b245d0068e572c0f9b1efd05d81573000e078dfff22dd7578dddec3adb0edd417e76169162e4947f97825c063c41657a7f8e5ebf0b99741c26579bf3ee8d100203e9f010020c91880de6ffc41b5a9bb000eb4b53b5e52495058d4d8d8b45477195ec00080ee2922ba6bf083dd699aff95ea5ebf3c1f994643fb85d7c60100805d5e09f46180a2175b008a650be06c7abe06d4a69e90d4118ba7dd938352b3812fe9aec10b4a3e006cdcb8f934001c199a8574fdff755595280fe7395d2cc36868bfb012de0b002a11874ab1d94e3602ade9f77dd0c18bdd2df9e83d8ba1f73b7f407565da631c4cd3254769089647225bbc39c5a5804a3e00282370a3ee1afc62cfc1d4016068fffc578af3fb4a80c79896e5b9d68b4067df9a89bdd805e0c5ae1627247be70ca849bf24c981231c08983703d7ea2e41b7920e00afbefa6a152057eaaec32fde4eb3fe78ba8d4b322b920f7491a4bbdae96474f46dae78b025f5be0fbaf87d05c0637aef06d83b0254968551114ebdc9d381568e03c89ba8abd7afdf9dbe89a5c895740008852a3f08c0fd45ce8bc4fe34a38e870de897f77193ddf9f8b515c06bdd00461f5b008cae0e18316fad05501403008164835f923ead7f9a6e000e04ec93bacacaf6925ef8ada40380001fd35d835fb475762196e6e236a47feae94a99f87d2f8013b9bede7f8e021d7dbf4078691c806517c70040a0f7fb3ed57f57ba6e80031c03d0270255d2d780920d00d1e8d64900ced05d875feccfd0d43828cd8a651925f9e0f36d0b806979ea02d5d71600c05b8b01d91e0b587d92e5fb24dd40c083ad1c03d037b278d3a64de37457a14bc906005172b1ee1afc245df3bfa114fad7e4df95564c2d0080b746a91b9d7dbf43f4d23880621a00d87b1a608a2e80742d005c0ca8cf6cdb28d96b41c90600082ed15d829fa4fba0e95f530943a5deb424a3a49f7bfe0d055e1a07e0440030bcd405601649ff3f90b4cd3f59081890265cb7c7e269bbe62833518a01a0943436360e046481ee3afc24dd68e34c53953249d602d0d9d9e9dbd1de5e5a10c8912e000f4d05f4da2c8b7cc5e3319859aecf90e9efeb703bbb01fa44b0e4b5d776e6b18fb9ff956400b0107a3780c26e72ee73e9c6000c4ab35a595692dcec777575e2f0e183686d3d8c58ac2bf9933ccab66c489a25930bc98941805e090096697a6e9d855c5896898ef6233874683fdada5a9306dca4ab0166e85e6b69f7d62c0d1f0a0602f10b7517a143495e04954849feb2fb22dd1880beb600a4bbb8271209241209b4b71f41b8ac1ce56565080653cf8bf60ad334114a337fbb50fe7f7b6f1624c775a7f77e27b7aaacacea0d0da0176c04402c04098a12577111b5afd6786c59777c3db6c711d761cd0ddb6187af1dbeb61ffc623f38c20edbe3b0237c6f4c8cc7331edba3196946238fa4a14851e2228a8208120bb103c4d28db51bdd5d55b954661e3f140aec25f35456552e27b3ceef494267551d7676e5f9ce7ff9feb1d40070520498c709809452388e0ddbb6d06a4539f153006bd369a395768acd0f113fcb0d73f0850e3994d0af00f8ddacd79136432900003c97f502f2c67233fc213339a00090151584d8ccca7f4a296ccb846d99906505e57219a5520984f019c4f25a9c0880660c3500cd3a88630f3454280ef29412725b2d588e09c7b623072d14454550298d2c1118650d2ba61df8babb42000c0c01194a3b783e9f9e0972f2e4859d0066b25e479e68da0e1c46f115ab4a390ae55219e3e313a854aa9024b9ebf59ee7a2d1a863717101f5c672e45c6a9ab83c84ab29856cc5b339281c1402f25e00e8fb149665626969114bcb77615bd136ff52a98cd1d1718c8e8e850ada11233c0db0640a01100333efbe7b765bd68b489b218c00f84f67bd82bcd1ed843156d107fe0c4224e8ba0e5dd7d1721c9856b36bc8b41d15b0615b36645946b95446a9ac830cd291101794c2f33cc84a765f31c936013f9e4d53595a406b722a96f7ea07ea5350ca670ac0755d58b605c7b622fb571042502a95a1eb7a24d13b5a29e35ac8cf4404201e14054f03f866d6eb4893a113003ee8d31c6c0fb962b9c92e321a31061700ab51350daaa6b51fac9679af08908de77968341b689a4da8aa06bdac4351b30dc17bae9ba90090079c03b0e6bd32ae03e0a9b302b897dbb72d58b6d593fba32cc928e93aca253d30dc1fc60843648b1a80d81002a0e890f64d16f4c05dc6c4314d5198c34a0641511454ab35542a062cab09cbb2bb9e023b45578e63435654e8a512b4523993a880dbf2a09553ffd8fbc4d102d841ceb813c0e724ffefba6ebb16c561d7acac47555594751d9ada5f1dc5a811fe8774b72e04404c0cddde30540280524a4ebe7feed1acd79137581180914af23b9c2449a854aad0f52a6cdb846545f308f0dc16ea6e0ba4d980ae57a0ebe90efef23d0fd4a720523631a7380540d69d0059e7ff3dcf47bdbed4e3ac078252b98c72b90c451eec513bca88008814404c107c84524a0821f9ed35ed91a1120067ce9c9901a478e3d543c012c3686434e6f03f0b4280725947b9aca3d56ac1b24cb45a4ed793589673053cd785925137401c1e001d321500f7ea29b2449248e43548928cf2bd8d3fae2e155604c0715d984e2bb148dc10619c3c79692b80eb592f242d864a00b82e76431400f4cc122302309a420420085555a1aa2a7cdf8765b7db037d86f98e96510b9b9ba10090cc186b00324c01785ef607324208345583ed04b7e201f7c2fc651daaaac59e7262d50000ed3a0021000687cade1e0c910018ae364089ecc97a0979a41ed27f0c747f30258d2449a8e806c6c636c1a8044f24541405b2dcbdd23a09b29c0b40ccf82c62e5661da4e5c4f67ebde073325ca9540a16bb8aa2606c6c02232363d0b45222f526dd84f632e33b2a888ee463a8f688e112003e19dab18f83d0b0c21f2e353d5b73980e84108495556775fa07dae9072f23073b39c61a00500a65251b2f80acc3ff1d542df864effb3e2429d947e928c3070000eaa6b0038e034aa9100085856077d64bc8230d3bfce457296929ae844d58bb60a994b1835d46464571b800ae26ab3480cf910150d0df92effb7023d9fcf68fa6c828a9e119db15864817f480242200c5856236eb25e4115604c028f31101f07c2fd0115055d548462b4992551a408e610ec06ab2180a4429e56a02605834298a57c5a05419d136569a4ed003fe70b9c40e551120244ce468a85c26b8be8fc59506eeac3471676905cb16db06787e610967afddc4e46815e3d574dbec5613f600d6b26cc4bf87e779a094a6ee4510671b2000c84be9a7007809ff7750550d92246d1025b6e3c048f81e1be552e8586e9102880982a11a0b3c5c02806222eb25f084e37ab87c6b01e7e76ee1fc8ddbb87a6b114b0d3374ea58107f7ae404fef4c8090080ae6998d9348a998911cc6e1ac7fe6d5b31353e92d4f2d760dbc127a01227290aaf957e378014631b200028cb77627dbf28f89c390002ed2880b561c642db802aac50300eaa8c689b4801c4c650ed11c3250086ece606717ba98e5f5cb882772f5cc50737efc08b716ebde938383f7f0be7e76fddffb789aa81833ba77168fb140e6cdf0a5d8b7f4376dd56a0535cbb688b8f2c57daed80c4f72039f19e0ab3a801c8da002808ad142400da2234490150630880864801c4c550ed114323004e9c38a1011874707d2e59ac37f1b3d397f0ce852bf8e066ba0ff1857a03af9f3887d74f9c83224938b473064fef7f000fef9a8122c7b3395b61a77f35fbf07f87b43732a9598f7d1a611666409ec74ffebf83aaa8906569c3da5a2d27d18e00560d40d8a86041cf544f9c38a11d3a74289b9ed794191a014008d9346ce9ffcbb716f0f2bb67f0f3b397623de9f78bebfb78f7e255bc7bf12a6a7a09cf1cdc8d171fd93770ed402b20ff4f088156e2c71885fa3e7ccf871493e8e946dcf97f00901b2b209e0b3aa0ad6d547ccfcf7ea472089a568619e0b3e0d816ca09594e57181180ba256a00e2c2f7f5710037b25e471a0c8d00a0549d181617c0a317afe2a5774ead09c5f3c68a69e307bf781f2f1f3d8d27f7efc2171f7f189323bd07681cc70eac5968bbb1f111feefe0b55a90e474ba26e2b401be0fa5909717e08e6f89ffbd03e0ad007035a55229500058090a00d1059016ee048400281afe44d1bb1e2fdd5cc0375ffb05d71bff7a5cdfc71bef5fc05ba72fe299837bf0d5a71e414d8f1ebab7434e3e5ac6bdff41b8ae0b15e9ac4b8ab905b083b294a200e0b000b0832cb7dd25d78b14cff3daf51e098c81661501ba9e2fe601c40451a5a1a90318220150dc9bbab0d2c0b77efa2e8e9cfd20d688a9a6c830ca2518250d15bd0409800fc076dafdf6cb4d0b4b4db6077f543c9fe2b513e770e4ec07f8e21387f0c9c3fba174c9a5524ae104d8d31282bec7ae2689e7a6d70e28c76c02d44149b115909711c06194b4329a01a916dbb1a028c1b6d483c02a020480a6e508011007941676af58cf1009003a8182e50028055e3d7606df7af328b357bf1b8a2c61f7d424b66d1ac3ccc42866368d636a6224d2c3c4f32916eb0ddc5eaee3c6e20a2e5cbf8df3d76f85f62b77c3745af8c3d78fe2ad5397f0573ff514766e09ff2e86f7fe97c25c8133c7f3bc444e87eb2109d40000809c562120a5ed1a008e29954bc102c0b243e7520c82516677d0341d079b86b3ce396688100085439226782d28ea87bb7513bffdca4ff1fee5fe06574d8e547168e7340eed98c1fe6d5ba129fdb9e5c912c1e448159323551cd836854f3cf2607b7d0d13a7afddc0d1735770e2ca3c5a3d0a946b77eee25f7df307f8c2c71ec2979f7c0452c08e1e6afdcb81f94f185e2b99f0f07a92280204d26b05e439ffdf419264288a02775daa82521fad9603558db7e5d528b3ffae9b0ccb6e4174244a87c60c68780400f5c78b1201f8c5f9cbf86fafbccdf4e80f4253643cb667079e3fb4077ba63727b4ba3663868ea7f6edc253fb76c1725c1cbf740d6f9ebe88f7afcc47d6613ea5f85f3f3f81d3d76ee2fffadcc731b6aa5ba0936b5d0f21121495df30a8d77281140628c66d03dc212d3b609efcff59685a19aebbf1776dd956020280fd7ea695cdcc89e22122008583828ce77dfba714f8ce5befdd77de8bcad4780d2f3cbc0f4feddf95c9f09eb2a6e0f17d3bf1f8be9d985b58c2cbef9dc1cf4e5f8c1c15383f7f0bffe27f7e0f7ff3f3cf61df6cbb00cd091dfc13ff2cf638f1536a078cdb05b0435a02c0cd4104006877033403ea2d5a8e03dfa790a4f8fe16155982aac8a1df9b86233a01e2808a0840f120402deb350c82e37af82f2ffd14bf387f39f26bc60c1d5f79e2613cf3d09ec0107a16cc4c8ce2575f7c02bff4d4617cffc809bc7aec2cdc08c35eeaa68ddff8e357f0975f7c021f3fb81b56c8c32ecbd1bf51f15a2e2439592196541780dc584ac50b202f11004992a028ea8641549452b45af13b03ea9a8696bbd18510102980f820f1177070cad00800e458002c374dfca7effe189722baf8e925159f7bec203ef5e87e6829e49bfba1a697f0b5e73e8a171e7910df7ae35d1cbd70a5eb6b5cdfc77f7df92ddc595ec1c7f76e1cda4588147bd835095cb70515c9ae534ea8060094425e59843b965c0ac9f77cd01cd5eb944aa5c04994495803eb2515cbcd6001205200714173bb57f40a9fbb4322d05a1e6b00564c0bffe6db2fe3c6e272a4eb0fef9ac5af7eeac99e7ae9b364cb680d7feb8bcfe1d4d51bf8af3f7c0b0bf5ee1bd7fffaf9492cd5ebf8c2a3fbd654fb07cd6ae791ce069764aa424aa80d1068b70226290078eeff0f42d34a683402d2002d079ee7438e31dd536174e6341d1101880342f27b58ec95623be3ac217f619dba69e3dffdd12b91367f4d91f1ab2f3e815ffff20bb9d9fc577360db56fcb35ff9229edab72bd2f5af9fba8c3f3d7a66cdbf957210fe07dae1e124670310c706f192db4493ae03c84307c06a24293cf2e4c43c904967d4f08814406ce46eafe897211200f95275a6e3e037bef3235cbb73b7ebb5bbb64ce09ffeca17f1eca1bd29ac2c39f4928a5ffbec33f89b5f781665ad7b70ea8dd397f1c3631700dc6bc9e2b8fa7f3d6e2bb9706d5226401da484bd00f292ff5f4d58f429ac55b55f0c960010298058a039db2b0661885200f9b9a9aee7e33f7ce7555cbed5fd41fbf8be9df8eb9f7ebaab6b5e9ef8e89e1dd83a5ac37ffcee4fbaa6045e397101355dc30b8fec4b6975f1e0b5923ba127e501d021c90800f529fc0845a1bcd1369faa6fa85d88db1a9865ce658a14404c90dcec1583529c5da33bb9b9a9ffe3c73fc785ebb7bb5ef7c9c3fbf0373ef34ca136ff0eb393e3f87fbffef9487e05df39720ae76fa467511b0794d2c4ac6e93f200e890a400f0124c5d240921243c0d1063144067780158098acae162788a008bb77384938bbcce8f8f9fc36b27cf33af9108c1d79efb28befefcc7b869ef4b82aa5ec2dffdea277170fb14f33a4a81df7ae92ddc5e4e76e38b9ba4d20049470092b403ce63f8bf83a6056fce961d5f7fbece48733909a695868c5cec1571301402e0e2c58b65e420dd717efe167eff274798d71002fc9f9f7c029f7e747f4aabca164d91f18d2f3d8f0767d913e84cc7c1fffffdd7e172ee1fbf1ab795cc66976407000028f5259084a2177931000aa2542a05767650eac389293c5f66a4006c1101888bd2891327f8ef278e81a11000aeeb721fd2b9bf8175c97f7ee5c9c378f6e09e9456c5079aa2e01b5f780e3b27c798d77d7073017ff8c63b29ad6a707ccf038d6192e27a928e00c0f721af742f4eedebad731c010008d49028405c6980921a3eb343088058198a28c050080093f29fd3f98337dec5dd46b0c14787170eedc5971e3f94d28a38c377f1d73ef1114c8eb0a79dfde8d8199cbd7633a5450d4e126980c405000025813440defaff830833fe715a0e281d3c3aa53152002dcf8b6534b7002044e77ecf8883a11000c44f6038778c9cb97a036f9c3cc7bce6d107b6e1ff78e1f19456c41f8e63a1a42af8d5e70ea3ac86677328057efb95b7061a8f9c26496c7a49a70000405ebe13fb7be6adff3f084d0d9e454129851d431aa0dbdfbe5d0011c503947a5cef1971311c02003eb76ace713dfcce8fde664ec8db3462e0af7fe6e958078be48956ab05ef5e6e7f72c4c05f78fa1058b58fb797eaf8eedbc7525add60b82d37f629d589d900affe8ca5f8bb2efc846a22d2266c1e451c69008d210000c029c8ef306b86c50d70380480c7efcdfcfe2f4ee0d6d24ae8cf2589e0d73ef30cb3ffb7e8ac3753796876339e3fb093f99a97df3d9d9bae003fe6535b5283805693442b6011220000423b73560bd97ed194f01a0000b003661208fa81ffb4711c0c8500002897e19cba69e3e5774f33aff9dc630f616f845ef822131452fdf4237b99f500aee7e30f5e3f9ae4b262c38d5900a4120188b906c0f7bd5c0d000ac36db560859cf40921ccc8551434857d10108580712171b967c4cdb008002ed5dc9fbd73129613fe85ddb965025f79f2911457c427954a1592bcf6e4234b04bffce441a60fc2bb17afe072c4098a59e2c55908482924ab19dffb8510770420dfd5ff6d280556ea2ba142a652a9421ad0b48b550300008e100071c1e59e1137432200f8bb99cb4d133f3a165ef84708f0f5e73f067948f3feab2104a819b50d91809d936378f2c16da1afa314f8931cd402f83e851f937f8164358114ac74959525c08f6fd376ddfcf83784d16cacc00ff99d68aa8a7279f0215d25ad4b0a40088058f0393d34c6cd70080089b07bc732e0fb474ec261847e1fdbbd1dbba726535c11df28aa8a72408bd5671ed9c33c151dbb3487abb7f9b7090e9a27df0f49db00dfc7f7a0d4a38da88ef676f9deb81c66e85f82511d89e573baa500841d706c88144051a09454b25ec36a1cd7c39ba72e86fe5c22045f7dea708a2bca077ac580bc2e155056153cbbbf5b41e019e6cf7920aee1405233f9fc7f0779299e56c0f65c84fc460028f5d1608821a33a78e8bf832c11e6ec0f61071c0f8442cf7a0d693014028050ca95003872ee03984ef817f5b9437bb0753c9e1343912084a05add980af8f8fe1da830c6a4fefcdc075831e3f3634f02cf8da7082e0d13a00e71d501e4bdfabfdea8874e30d4540da590b6c07e61b502daa20d301e085f87c6a4180a01c05b0ae0f59317427f2611822f3efe708aabc9178aa2a2545e2bce4baa8ce70fee087d4dcbf5f0b3d397125ed9e0c4110590533001ea109700c873ffbfe3d8704286fd481281518b3f95ac31460b0b23a078a0a05ced1949311c0280a308c0f5c5155cb87e2bf4e78777cf62cc188ae853df54f4ca86f9ea4fecd9c6ec917eeb7478ca8517e21000697800dcfface5786a2bf21a01f07d1ff57af8efdb306a9048fc8fd892c68a000801100784b3b471520c8900003737f3cdf7cf339ddf9e7f686f7a8bc929841018c6da9355595570705bf8c4c02bb71731b7b094f4d206c275dd81d30024cd14401c76c094e6b600b0d15809f5f72f95caa18e8083c22a7a15022026083f87c624190e0140f81100ef5eba16fab389aa8103dba6525c4d7e5114057a65ed6d7d7cf70cf335c72fcd25b9a4816917c30d761a4ec304a8431c2900dff363b7424e03cbb64247fc4a9204c3482e82cc8a740901100f04fcec1949321c0200e0229f7367b9811b8be1d5c2cf1eda33b47efffd50d18d35a9805d9bc7b1a91afebd3d7e996f010000de80f9f0340601759057ee0eec39e0e630fcef793e9a0d76e89f2410faef50624c04144640f140291f7b46d20c8500e045cdbd7f4bd467100000200049444154659ef9f38feed99ed24a8a43b53a72bf2b8010e021461ae0e2fc6da6f7020f0cea07909a0f0000e279901b83a555f2e800d80efd07872ddaa1fff08e9438601501ba396ea7e40a8ea2c649321402807222002edcb81dfab3f16a0553a2f5af67645986ae7f787bf74e4f845eebfa3e2edfe2db14c8f77cd0014ed569b6010283a701f256006899265aad6c42ff1d586d80798ca8700a177b46d20c850000f8a8e8bc743dfc617970bbc8fdf78bae57a0c8edb0e8aecde34cfbe48b0c11c60bee0061dc348d80004019602cb0ef0f2676d2c6f33c341902abed5191fc235596c33fc3f3735850c1232205502038a8e8745c0f37ee86e7ff776d15b6bf8350adb50d826489607a2cbcf7faca4dbe230000e0f599a6209e0bc9197ce67c2f0c1201c85bf8bfce18f4532aeb50d56443ff1d1486c0151180982064287ab187430070a0e66ede5d86cf2877deb9653cc5d5140f5996ef7705cc6e0a4fa55c671461f282db72d14f697c9a1e00f73f738056c07e854e16586633b43e4396251895f41e310a2302e0e628a2c237c208a810504a0990bdaff375c6e99f10606a7c34c5d51493724987a2aad832123ec7e3c6dde55cb49d797d9c8ed36c01ec30480ac0cbc904c076e83f7cc4b21130a932491439bc0d306f35151c9379d4380d0a2f00ae5ebd5a0607ff9db797c21fcee386c1eced15448310829a51c3e6d170f1eeb81e564c33c555f547ab8f3a80b4f3ff40ff29004a69e8e85cdea8d7974343ff7a8aa1ff0e326318902b6a00e2423971e244ba37360332df1893a65eaf73a1e4ea66786e76d308174b2c04922c637a32bc130000969afc0b00af8f76c02c5200f2f2425fe98abce4ff4db309372455d14e3ba51f2966a600440420361ca752f80773e10580ebaa5cdcc4658600a8e91be7dc0bfa67d3283b9d727be16e4a2be91fead39ed300690e02ea40fcfebc00f290fff73c0f2623f4bfda83224d64293c5a287c00e243d76d2ef68e2429bc00a09ac745318769879fe88c72e1234da9a26b2a54464a65b9d184d3e27b3c3080d093671869ce01584d3f75005e0efcffeb2be155ff7a65e340aab46045003c5104181bbeaf72b1772449e10580e2495ca8389632d718d69e82fe5058a7244ad1a8d74307b9f042afd30125c669354994e5deea0028a5f03cbe73d5a6d984eb058b76455150d1b3db1b94a01a807bbfce964801c486efbb5cec1d49928d844d114aa50a48f60f7ad61793a5e805fdc13c25793e7cdf47a3d140b51affbcf6b8f03d0fd4a72011e743c8cd95845714f2b93d1602fa9edf57dd405ab042ff84101819fccd38ae87e31fcce1f4d5eb782f68a8d5bd3f91ba69e31ffde61f62fbe609ec9fdd8a87774e6366d358ba8b2d08b2ccc7e131490a2f007cc9af481c3c6b588ff04147c00a7aa393b6b56d0b9aa62536b6350edc560b6a295a8a286d1be00ebd0a00def3ff2b0cc31fbd624091d37b6c5e5f5cc60f8f9ec2917397613ad10a43574c1b272fcfe3e4e5797cebcda3d83e398e171ede8ba70fec16878d1ef07d2100728f4c498522fb0d96e5dfed0c38014eb011d6d09fd57dd48d461daaaa6552cc1505d775a30b800cda0081de5b0179160066b319da81a12a2af4723a962277eb4dfce11b4771e4dc65a6815814aedc5ec4effee86d7cf7e7c7f1d5a70ee3e9fdbbc1e99f3b5750c9170220ef504a0de6f13b255813bcc40cef78f12965a65cd455a7a0762aa0ce6d2ac06bb9a0944612285918010180bc1cbd089052da4e017088e7b9a15eff924450ad25ff374229f0eab133f8f64fdf8dfdb970b76ee2b77ff8165e3f7901bff6e9a731391a6e982500244a441160dea1121f83802aa5f042bf15468ba0a0771a960d9f618852d1d6de0bdbb6e038c113de78206a3b60163e0000a02cdd899cd3f73d9fdb9457bd1e5e4351a95421310a4be3c0725cfce7efbd86fff19323891e0acecfdfc2bffcfdefe1dd8b5713fb8c224069f6336492a6f00240a27c8471462be1a1c3bb0dfe8d69f244b7df674ddf98f36fcf78e7f364eab6bae77e25db02c9a8b58e786ee402445ead6a9bcd4668dba5a695502a25ebd5d1b01dfcfb3f7e19472f5c49f4733a98760bfff97bafe1c7c7cfa5f279b98493c36392145e0050c2c74d1c35c205c09de56c42b745e5ce0afbf7590df05df07d1ff5463627e86e44c999675500d8216a1d80cf61fedf755d46d5bf846a35d95079d376f06fbef5435cbcd1ff60a57ef07d8adf7bf56dbc7aec6caa9f9b17082787c72429be00a07c0880cd8c7c9be938220a1023d717c29de96a7a197a39f834e7d8361c9b3f83a0b62b203b3a91b50090237a01f018016834c2a31755a30a42927b4cba9e8ffff8dd1f63ee4e76ee94fff3274770f4bc4807ac8797bd23490a2f000827799ca989f011b500307fa7773b554130d717c2272f4e4d8ca0560d9fded668f26910d46d36401636c0ab5196ba9f5e7dbfed6bc013acd07fa95486564ab645f40f5e7f07e7e76f25fa19ddf029c56ffdf04d5c5fccc647825b38891e2749e105002f3771dc3050d6c23b01e672e04f9f17ae312200d3e323ed212e214e6e9dae00de70bb1485655500d8418e6007ccdbf85fcf0b0ffd4b9204c348b608fce4e579bc7afc4c5faf356a0676eedb89fd8feec7a34f1fc6438f1fc2de437bb165762be43e7afded968bfff2d21b03b71c1609023e0e8f4952f836408072d1ca4108303d3e1a9ae7bb262200b1e0538aeb8be1bfcb9989b62b9aaeeb68b56cb4020aec6cdb86a6d95c1904757305ccaa05f0fee7476805e4adff7f6525fcc45bab8e241efafffdd78ef464884808b0ed811d78e0a15da88d84b7247aae871b57afe3ccb17368ac441786976e2ee0b593e7f1c2a1bdd1175560a868032c0014dca8b8598625e71ce3d42a88cecdbb2bccb90bab6d510d237c9a5ba35187cfd960155637405683803a444901f43add30499a66237420915eae4049783ec7abc7cff614721f191fc5f35f7e01879f7e84b9f90380acc898d9358b17befc020e3e76b02793ab3f4ec07f20b790e247008a2f00083f02606a227c4cedfcc29208bfc540b754caccaa7b20cb120c23b838d3f77d343372d60bc3656ca0524673003a284b0b4c2f004a7d504e0495e7b9309bc1a17f5996a1273c06def57dbcf4cea9c8d74f6d9fc2c73ffb4cd78d7f3d9244b0fbe06e3cf9c927a16ad1044dc372f0da89f33d7d4e5121e067ef488ae20b008e6ee2eca67001e0b82e16bab4af09bac34aa58c19fa86d1cba5523934d4df3608e2a72bc06bb5424d74b24e0110b7c55c034ff97f96e14fad161e158a8bf72e5ec5dd46b4c98d139b27f0d8b38f41668cb7eec6e4d4241effc4e39082a60806f0eaf1b33ccf6a4a0dcad1e131298a2f00380ae3b05200007035c356a0a2c08a004c870830c3a8853e1c1b8d3a57ce756161f4acdb0001f650205ef2ff66b3195af56f540cc8290cfaf9e9e94b91aed30d1d1feb61e36631b17902073e7a30d2b5b7965670f1c6ed813f33f770943e4e8ae20b008e0a396a7a19353ddc516c4e14020eccdcedf0df619800932482aa111c5ee5ad2bc00ba903c86a10d06a5875003ce4ff3d37dceb5f5155945218f4d3723d9cbe723dd2b5071edd0f2d62e83e0abb1edc899171763b728763412387870f6ef68ea428be00001f6d801d6658750042000c84e37ab8cda87a66fdee554d0bdd00784a0584d501c866f63ddca16e8094c2e7c000682544c811025419de107172f1fa6d3811c4d0c8d808a677cec4fad98410ec3fbc3fd2b5a7af4613290587abbd23098a2f00384a0100c00ca30e4078010cc6fcc2127308d0ec043b056354aa90e5e05c2b2fa900eafb1bddf47c1f9295bd93a4b412dc0ac8c3e9df34c3c7fc1a460d72c2837e3a5cba156d72e2cc03b3890892cd335ba045182f7de5f622f3bb341cf075784c82e20b00cef238b38c53e8f5c565660b9b800d2b852211c2ecc200da274123e424c8532ac05bd7a62559cdc8d3f892242c0290b500f03c2fd4f04753b5c407fdace6e662b84be56ab6ce6e4de4f30901b6ce6ee97a9debf9a22879088c800a2d0028a50440f289bd1e98661402fa94e206c3c446c0669ee1a5b069a40a2d4225b5aaa828739e0a58ef0a9875074087b01a80b07efbb4a8afac04466f24498251ebadb56e50162354ffcb8a8cea4872e9e7da385b087758ac47eb542830a20620cf5cbd7ab50c209dd85e446626c6c08aeccd317cec056cae315228dd3a305653a91850e4e0e2ab762a20db288def796b4c8ab2b601eec06304c0349b70bd90d07fa50a2941b7bf20ac08a39d4be5641d28cb01e3b083b084219072e2c489eef9921c53680150afd7b90be194350513b5706129ea00fa87f5bb9bd914adfab943b5c64a05647fe25e9d06c87a105007d27236b42366b9f9b342ffe572f2837e828892e253d4645b11a3ba1cb63828dccc1ac749d8152a630a2d005c57e5f2e6b1aad159836c04e1346d0777ebe18570335d0a00d7d376840b166a3ca40256f7d5f3e001d0617d1a20cbf07f58e85f9625542ae1e3b993a41c6173772c27d135d8a615e9ba286b2d3a958a53e83440a10580aaba7c0a00d64c006106d417dd6629b0ba2fc2d0cb3a5435380298752ac06db9f7ebfef812006babdcfd8c2200ccd03f630644d2e85af788b26dd989769c585634f11a65ad45c77565ae6ac8e2a6d002c0f3643e05002302b0b0d280e974cf130ad672ed76b8705224095b467b4b017408eb0fe72115d0395d4b9ca4000040595e5b07c09a5f9014acd0bfae57a0263ce887c5e468f70325a5140b37c35d1507e5cef5682e7f9b47b38992f0842f4b5cee217151680140653efb3859ad809402d7452160cfcc33ba27b64e8c420e19a3db0d49926054832bc56ddb42ab956cb89685774f28f2140190561502fa9e977a7b22a514f5fa7248e85f412524ad931653112bf06f2464c4e33a6e247151d54ba8462c162c320af5440a20af504ab9bc79dd36a4b93bd1cc42041fc28a00b00457144a5a29b457bc5e5fc92c15d0395df3240056d7006471fab72c33d0eb9f10826a88904b93bdd39b235d77f5e235380944023f38fb41a431d77ba7bb7b050c03be2f2200b945a67c4600ba85a4bbe5b3051b617900b0522e51310c2370284b966383a9efc3f73cc89cb4010280b2fca1784d7b00102bf45fd10d284af6456d53e3231833baa7955b4e0b174ec63b96b7e5b470e1fd68efb93f8259d03040259fcb3d242e0a2d0028e1f7e6b18ad258236d051bb95b37d1b0c343f1aca2cba81022a15a0d166d96955d2ac06db95cd500c8eb530029526f0457fdab8a8ab2ce4f2dd7c7f6ee8874ddc5531770e746f880a55ea01438f6b36391a20a1221f8c8eeedb17c6ede91383d44c645a10500e1f8e6b1dad2588636828d74f34e8823020000aa1aee1298552ac06db9dc38010280e45890ac267ccf074dd14bde344db801263b9244504dd9edaf1b4f1d7820d275be4ff1ceebefc08cc191efecf1d398bf3c1fe9da03dba73056e547306509a5fc1e22e3a0d00280527ebd9c59c63475d3c64ac45e5d015b3075335eea954ac8cc78dff7d168a66f9dea7b1e3c95af622d657921d5f07f3bf41f2c822a952aa49406fd4465fbe438f647f4fab72d1baf7dfff5bebb0228a53875f414ce1e3b17f9359f7dec405f9f554428e1f710190785160090f8bd79ddac69af093f80c8ccdd09ef9ae866bddc2bac6232db32334905acecd897fa67b250961652edff6f475f36461b3446f166d67ce98987235febd80ede7ae52d9c3d7eb62767c5a53b77f1e64b6fe27c0fb5047ba637e3c0b6a9c8d7171da9e003818a2d007cbe0601ada6db701a3113203af38c08006bf852bf288a828a1e1c55c82215d0d8c1d7894d5e5a48cd01d0b49a7003c6fcb66b36f8ed63df37bb25722d0000f89e8f33ef9dc18fbef3239c3d7e16cb2153053dd7c5fce5791cf9c911bcfe83d7b11871fc30d0cefd7fedb98f46be7e18287a0420fbb2d824916805341bc7af6e74c6d35e0e09edcd8b0840247c4a31cf104b83b60086a1572a705ace86cdc7f77d341b8d50ef8024a8cfee86af6890dcec3c0956432d339559f29ee7c10c49bbb40d9cf83edf7cedb98fe2d4d5eb68f460fd6b9916cebc770667de3b8352b98472a58c925e86e7bab04c1b66bd19a9cd2f884f3eba1fbbb64cf4f5daa24228bf87c838e0fb1b322094e3224000986515020a011089dbcb75388c7c733f16c051a9850c0cb26c0b2d27bdcd982a2a9a33bb52fbbc6eb8219314e3a61112fa2f97cbd07260633b66e8f8b5cf3cd3778acab66c2c2d2ce1e6b51bb873e30e1acbf5be37ff9d5b36e1cf3ff3687f0b2930948814406ee1b90b006057a7cf2d2ca56da2964be66e779901905004000024490e1d2a536fd413f573dff0793b0fa6f659ddb08de47ee71d2cd3442b20f4cfba273cf2f0ce19fcf9a73f92e91a26aa06bef1c5e7a004f85c0c3d9cef218352ec3bceb97a631502da2d177756f869efe215560b604d2fa3a6275b041676daf47d0fcd14fbf35776ec47acd58e03608f276b22e37b1e9a21e6476151199ef9dc470fe2731955ded7f432fece575fc45895eb476566100801905b08c0f5cd9bee129e167500dd61992675ebb4880bc3a8410a4a05a46810e41a35589ba653f92ce63a2a5538b5f1443f63a5be12181dd3f50a1425bb413f83f0cb1f7f0cbff4f4e15435dce44815ffe86b9fc5d4787f83b286012aba00f20b257c0b80314387510ecf555e1396c05d6145006626d279b0b10606351ac19b5512acecdc9fce0731684eef4ef4fddb5eff1b43ff8a92fda09f41f9c2c70ee11b5f7a014629f9fa85471e98c53ffefae73139929f74494670bd870c4aa1050028b87f22b04ea9dd1cee861dd7f371f3ee4ae8cf9368010c23ace7dcf37c9829cd0a68ece04100ec4cecbd7ddf0f34fce165d04f1c1cde358b7ff22b5fc0e15db389bcbf51d2f0575e7c02bffec5748446de21e07f0f198462b701e640bd4d4f8ce2ccb59b813f9b133301985c5f5c82cf385ea79502e850a954d16ab5e0fb6bcd5a2cdb44a9a4414e383c6d4ecec03546a034b2f390684e2527001a8d95c0f6c23077c6bc325135f0eb5f7e01272fcfe34f7e760c17639807a029325e78e4417cfeb187c498df1ea039d84306a138df9a60b8bf79ac4135d71797e0fabea8ce0d8195222104988e387b3d2e2489a056ab617979694d0700a5142b8d3ac64693cd8d8310d4b73f88b1534792fd9c10bc929e5801a063db70025a2b554d0b9dcf90771eda318d87764ce3dcfc2dbcf9fe05bc73e10a4cbbb711c13bb74ce0897dbbf0d4be5d62e3ef0feef7904128b800201580ef5e3a96518de753dcbcbb92682b5b9e996314496eaa19286be9ff792b8a0abdaca3b96e2cade7ba30cd26743dd9e7497de781cc0440737a57229d083ea5a8373656fd1322a16a1423f4cf62eff466ec9dde8cbff2c92771e9c61d9c9bbf85eb0bcbb8b1b40cd36aa1752fe254d1348c1a656c1d1fb9376f600aa3069f56c8b9810a019063f8afe0ec78d58745b2e716ee0a0110c23c23029066fe7f3d7ac540abd5dad0a76e9a4d685a09b29cdc709afaec9ecc5c01cd84c2ffcd463dd05eb956ad411aa2e8984408764f4d62f7d464d64b191e382f241f94a27f7bb8bf797a49c59811becc795107100ab30590e1b29806467564433f3aa5148d4678d1621c50456d9fc4332089cf6db51cd8f6c6c998655d879a03b73f41eee17e0f1984c20a80575e794501908ba6e019a625b0100041588e8bc57a78757dd65113590e6e0d6cb55ab02d33d1cfaeef4adf54c65735589371fb1050d4eb1b43ff8a1c3e8c4920889932a594af79d231525801b063c78edc3c21663785f7ab8b9900c1ccddb9cbecaf4f720640544a21ad814db3d1b7677b1456761c48dd15b0b9752768ccc3771acdc6868e0a42088c6afedcfe04f9e5e4c993c5ac32458105806ddbb909dd4c3322000b2b0d3829ce56cf0b2c8f0489106c1de3c3ddcc30aa1b72febe4f514f3015e01a3558135b137bff20cc9978f3ffaed7826d6d0cfd578c2a14a5e0a54b02ae70dd526ef6925e29ac00f03c3537378d755a6d8fbb155180f5b0522353e32350643efeb40921a8d60252018e13d8d616172b3bd34d0334a776c5fa7e8dfac6614a9a56423920a222102489a6b572b397f40a1f4fc90450142937376d7a7c1492141ed21475001b995bcc7e06405414590db4a96ddb0427930a68a42800a8acc0dc1c9f735dd36cc25d37e25992241843d0f227e00fdf5772b397f44a610580ef7bb9b969aa2263cb68b827b7b004de086b50d214876d93ba5e81aaaead5af77d1f8d6633e41583d176054c67c334b76c038dc989cff33c58e6c6df49b55a638a648120297c393f87c95e29ae009048ae0a37587500c212782dcb4d132ba61dfaf3590e0a0083a81a1b8bd76ccb4c66622021a86fdf17fffb0610a7ff7fa3beb221f41f249e0482b490737498ec95c20a0099d2dc740100ec3a00110158cbdc02dbeb9eb7144007499650ad6e2c4e6c3436e6bbe3a0919a00782096f7b12c6b83795211a6fc09f20da52202903b2825b9ba692c2f80a586c53cf10e1bacd6484d513051e377c3d0346d43219be7793003c2de8352dfb607544ab685994a32ccad3b067e1fdff7d15c37359110040a2681204d7cc9cfd55ed20bc5150052710400005c67d8de0e1b2c77c4e98951489cf788578cda86d64033a0f06d507cb594e8743ea09dfff7639872d808b0fb352a2389da260b045190fc7ced25bd5058012051fee700ac66cb68159a12feb01386401fc24a89f09aff5f4dd8c9b65e8fdf1ba0b1e3c1d8df733571b4ffd98e0dc7591be1d2b4124a6531bd4ec001393b4cf64261050025f9ba6992c436af1175006d2805e6192d80dd2229bcd0ce6dafedfcf03c17a6156f2aa0be637facefb71e7366d740aff77d8ae6ba497f9224a11a60a32c106401c9d961b2178a2b0068fef236b3938c4e802e856fc3c29de53a2c273c54ce83057054745d87aaae0d9f9bcd263c3f3ee7477b6c339c9189d8de6f359448686edd3ed07b349bf50db6c8b580414a024156d0028f042eac0020392b0204daf9eb30e616d8def7c302cb0008c84f04a043b53602b2ca439f521a7b2aa0be3d993480b57916beda7f98de6db5364cfad32b15286a2e6678098605222200f92387791b56fedab45b586c844fbf1b1658b5104649c3a8912fab588948a8adb30a0eda180721a976c0c6cc20ed7f1b858ea2aa62ca9f803b08f2b79744a5b0533528a595bc0511bb9d5ee7ee2c61a21afd0179b76ee2e495799c9dbb893bcb75341d17b57209bba737e1f9430f62cc48c72be9ccb59b78f3d405dc5c5a81ddf23056d131bd690407b66dc5be99ad5019c58feb99637443cc3052283ca3aa1aca651dd6aa31c1cd661daaaa419206d7e88d9907e02b1a24375ec3a141f2ffcdc6da54872411540dd1f227e08fbcd593f542610500a1a820670a60bc5a81ae69304386c45cbb7d170fef9ce9fa3ee7e76fe1a5774ee1bd0faec1f737e60d4e5dbd8e9f1c3f8fbff74b9fc44cc2a6393f78e77d7cfbcda36bd217d7b0881397e7f0d23ba750d54b78f6a13df8f4a30750d3bb8793e76eb33a00f2290000a05231d0725bf0eeb502768ae3aab5c13745aaa8684eef42f5ca9981dfebfe7b1209cd2dfdf5ff07153b562a35c89c0c701208d6208a007308c967e106ab88ede4d5ebccd7ae98367eebcfdec4bffed64b387af16ae0e6ffe1b5167ee7959ff5bdce28cc2d2ce18fde7c9759bb50376d7cffc849fcf3dffd13fcf8c439e6b50bf546213a00822084a0b66ece7d507b5cbf3462ae03b026a7e16bfde5ffd787fe4be5124a25d1f227e0145104983f08f279d3f64c4d86feecccd51b3876692ef067d7eedcc5bffae6f7f1d6994b918b052fdeb8c30ca90fca9ba72ec08fb898a6ede0f77ef4367ef3076fc0713756c1530a7cfb0db698d833b5a9dfa572812c2bd0d7d9de0619e4f4c34acced80cd3ef3ffeb0d8f24498651112d7f028ec9e961320a85150014f90cdb1cd836c5fcf96ffed9eb38b52e1270637119fffa5b2fe1f672ef4582e7e66ff5fc9aa89c9febfdbd7f7eee03fc7fdf7b6d4df4c2f57d7ceb8da378fbec07a1af1b35cacc814a79412feb50b50f07df0459e4f6436b641cf658b8b8ec957efcff832c8f6bb58d03920402cec8e55e1285c2d60020a7959bfbb66dc578b582c57ab0218ce5b8f8777ff40a0eef9ac5a3bbb7c1286bf8efaffe1ca6dd0abcbe1bb796e2779fbbffdecbf5ee170570fc8339fcd60f7f8a27f6eec0f5a565bc76fc3c6e7659e753fb1e4051f691aa51c392bb78bf3fdeb22c68a532d4012d77eb3bf6a374f7f6e00b94249853bde7ffd70f3daa540c2831d8080b048952e036c0e20a801c160102802c117cfa2307f0cdd77ec1bceebd4bd7f0dea56b037f9ec930d51914ab4f5102006f9fb984b7cf5c8a74ad224bf8d4a307fafe2cdee838e12d2f7f989e69d457303a3a3ed069b9b1fd416c7aeff581d7676d9a82a7f5d66eb97eecb1aaaa28977335b15b30ace4d053262a854d01e4396ff389471ec4b6c9f1543ecb6d2523007c4ae1fa83e7aea3f0e79e3c9cbbfeff6ea8aa067dd506e9791eac01270636a7770d64dcd3a1d163f8dff77d349a1fae9d90b6c011a17f414ec8ed5ed28de20a801cdf344592f0373efb0cca5af2011ac78bcf7676356e42efbb9e03dba6f099c78a73fa5f8d5e3120cb1ffe0d34079c184825198dd93d03afcbec5100341a2b6b0a198d6a1552c2638a058218c9ed5ed20d210038656662147ffb2b2f262e022892f2174efe74b7677a33bef1a5e7b91fffdb2f8410d46a2358fdbb6c3406abd9a8ef18d0159010347bc8ff3b8e0d6795af45a9aca3d467fba040901185b5a72ca400a0944a00729f60dc33bd19ffe0973f83e9f1e406dc687232024389c1c18ec5c70feec6dff9732fa2a416b78c050064598651fd706aa0ebba6b1c037ba5be633f06a996b426a6e095a27db528a568ac9af427cb32aa46619fa582e252a19416f29451480170eedcb92ad23882a6c0b6c971fce3af7f1e5f79e2111865adfb0b7a444d6803952402598aff16ecd83c81fffbcb9fc05ffdd45385dffc3b944b6568ab5a039bcdc686097a51712b5558e35bfb5e4bb307fbdfd5eb0c8a66080439417aefbdf7721d510ea3904f50cff3aa4071728c9a22e3cb4f3e8ccf3c7600472f5ec5fb1fcce3d2ad05ac342d34edc1fcddcb6a72bfa7b2aaa231c0fa2489a05a2e63acaae3c0ec161cda398b7db35b625c617ea8566b585a5a84e7f9ed9375b38e5ab53f9be0fa8efd282fb05d25c388daffef7a6b071a55d6d53308047942926a5500859bc656d46f6421adc54aaa82a7f6edc253fb76adf9f7f3f3b7f06fbffd725f55f793b56af78bfa64d348158d5b0b3dbf6edbe438fee15ffc2cb41e8604159d76e5fc2896961601008e6dc307a811fe0000062149444154d16c687de4d31b3b1ec4e4d157fb59049a53bba27d46fdc39e7f55d344cb9f20e778550037b25e45dc14320540a992dcaec6217ba637e36f7de979e85aefa62a0f24689fdbcf7bef9e9ec4dffdea8b62f30f40511454565905af37d6894a73cb76787d6cc8d6f8d648af334df37eb742dbd3404cf913e41b42fc42ee29851400002de4cd62f1f0ce19fcc3af7d160f6c8dbee94e8dd7b063737202e089077746be5622049f3abc0f7fff973e8d9a5eac9efe38d1f50a34b52df47cdf47d3ec232a294968ccf63e1c284afedff73d98abd654ab8e14b64b43303c10a21432aa5c480140e9f0090000981e1fc5fff3173f8bbff6a9a73135ce3e75698a8cbffc892713b5cfdd33bd192f1cdacbbc4692083eb2671bfec9d73f8fbff4fcc7a08891b05d316a2390ee7559d896d59737407d47ef02204aff7f7d5554a25231a0a8c2ea5750048ab9a714b40640aa22b1fe76be9108c133071fc0d3071ec0b9b99b38fec1359cbe760b0b2b0d346c1b237a19bba736e3f31f3b881d9b27125fcfaf7ce209ecd83c8ed74e9ec78dbb75b43c1723ba8ed9c951ec9f9dc2637bb761a22a5ac37a412212aa460dcb2b4ba094a25e5fc1d8586fce91f5edfbdaed8051530884a039cd8ee8d88e8dd6bd9e7f61f52b28164200e48862deac5e20047870760b1eccb86a9e10e0d9437bf16c974880a037544d83aeeb304d139ee7c2b4cc35d6c1ddf0ca15989b67a1dfbc1ae97a7b7c0bdc72b850a394a279afe7bf93f71756bf82c22015734f2968bcb598374b20584da552bd3f21b0d968c0f37aeb02a96f8b2eca1ad3bb983f6f36eaf77bfeab46ed7e8a422028065221f794a27e4b0b59b02110aca75aab81100900edd926b8d98300301902c0755d58f77afef57205aa16bf619540902dc53c54165200504a445259301448928cea3dabe056cb59e3bbdf0d73eb76f851c6fa1282264300d4eb6de1212b2a2ac2ea5750408abaa71452000028a45a130882d0b4124af7f2ffeb27efb1a04442636677d7ebecb1cd70f5e0af946936e1796edbeab72a026f82a2222200398214f266090461181503b2a2b4bd019acdc8af6b6cef9e06083bfd7b9e7fbfe7dfa8d620cbc2bc4950580ab9a714530014b462532008e3c3133881659968b9ad48afab6febee071026009a8d65500a94cb6531e25750708ab9a71453001454ad09042c6459b93f6eb751af77b9ba4dab36066794ed0619e4ffefd8369c56ab3daed8105f3741b121900a99df2aa600f0451780603829957594b4d27d6f8028b0da019db149b8c6daaf53671a21405015237e0543818800e40749440004c34b271f6f361bf77bf359341969804680fd6fe77dabd52a1431e257301c14f250594c01403196f5120482ac2084dc9fc0d73ea9b369ccee060dd9c8d7fbffbb6e3bb2a0954a2895c4d026c1d0309af50292a0980200420008861b455160540c38b68d568bed0de02b2acc2ddb027fd658e7ffdf6cd421cb32aa46210f44024118bd0ddbc809851300945209050dd70804bd502aeb2895ca68ac9ad01746503ba033ba09aef1e15449db32e17a2dd46aa3c2e75f306c8c524a0bf7475f380170ecd8e55114f0bf4b20e807e3de49ddea5210186408b4bafd8f528aa6d98061887e7fc150229f3b77ae7007cbe26d9465bb90a11a81a01f0801aab511586613bee7855e676d9edd600bdc5c95ff6f36ebd05491f7170c2fad965cb8bda57002407189c8ff0b04ab50640515a38a7a23bc2090126963beffdeff77bd165aae0ba32a9a6b04c38befb70ab7b7144e00502a154ea5090483522a9521c9048e63875ed39cd973ff7f3b23e36855c7da3dfff5066a55d1ef2f186ea85cbcbda5780240f20aa7d2048238302a3558b685b07ac0c6ec8775009df0bf655b2897cb22ef2f187a644a8400e01d898a1480401004210446a50acb0a1e16648f6fb93ff5af39bd0bbeef83fa9ec8fb0b040028f50bb7b7144e00d002aa3481202e6459862cc9f0820a02094173a67df26fce3c00dbb6a0eb851c832e10f48e54bcbda578028014d3b14920880bad54821b322db039f3005ad53198e52a34ad24fafd05827b900246970b67e42d818eb32d4f040281a695e079de86dc7e63760f4a37af0180c8fb0b04aba044a400b8871261032c107483100242a40d0e81cec804ea3bf741510a7736100806a380e9e5ff0d60100a6f83d826d50000000049454e44ae426082);
INSERT INTO `healthcareprofessional` (`professionalId`, `userId`, `fname`, `lname`, `age`, `gender`, `email`, `specialization`, `profile_picture`) VALUES
(4, 17, 'MERCADO, RENTSCHLER ', '', 0, '', 'wolfjay08@gmail.com', '', NULL),
(5, 21, 'MERCADO, RENTSCHLER ', '', 0, '', 'wolfjay08@gmail.com', '', NULL);

-- --------------------------------------------------------

--
-- Table structure for table `healthmonitoringdevices`
--

CREATE TABLE `healthmonitoringdevices` (
  `deviceId` int(11) NOT NULL,
  `healthData` varchar(255) NOT NULL,
  `monitoring_status` varchar(255) NOT NULL,
  `date_monitord` datetime NOT NULL DEFAULT current_timestamp(),
  `seniorCitizenId` int(11) NOT NULL
) ENGINE=InnoDB DEFAULT CHARSET=utf8mb4 COLLATE=utf8mb4_unicode_ci;

-- --------------------------------------------------------

--
-- Table structure for table `reports`
--

CREATE TABLE `reports` (
  `reportId` int(11) NOT NULL,
  `reportType` varchar(1000) NOT NULL,
  `createdBy` varchar(100) NOT NULL,
  `createdOn` datetime NOT NULL DEFAULT current_timestamp(),
  `reportData` varchar(1000) NOT NULL,
  `userId` int(11) NOT NULL
) ENGINE=InnoDB DEFAULT CHARSET=utf8mb4 COLLATE=utf8mb4_unicode_ci;

--
-- Dumping data for table `reports`
--

INSERT INTO `reports` (`reportId`, `reportType`, `createdBy`, `createdOn`, `reportData`, `userId`) VALUES
(1, 'Consultation Report', 'Luke Villegas', '2025-02-05 00:00:00', 'She reports that her appetite is decreased. Some wheight loss has occured. She reports a weight loss of more than 8 pouns.', 3);

-- --------------------------------------------------------

--
-- Table structure for table `roles`
--

CREATE TABLE `roles` (
  `roleId` int(11) NOT NULL,
  `roleName` enum('Admin','Client','HealthProf') DEFAULT NULL
) ENGINE=InnoDB DEFAULT CHARSET=utf8mb4 COLLATE=utf8mb4_unicode_ci;

--
-- Dumping data for table `roles`
--

INSERT INTO `roles` (`roleId`, `roleName`) VALUES
(1, 'Admin'),
(2, 'Client'),
(3, 'HealthProf');

-- --------------------------------------------------------

--
-- Table structure for table `seniorcitizen`
--

CREATE TABLE `seniorcitizen` (
  `seniorId` int(11) NOT NULL,
  `userId` int(11) NOT NULL,
  `fName` varchar(50) NOT NULL,
  `lName` varchar(50) NOT NULL,
  `age` int(11) NOT NULL,
  `gender` enum('Male','Female','Other') NOT NULL,
  `email` varchar(100) DEFAULT NULL,
  `roleId` int(11) NOT NULL DEFAULT 2,
  `created_at` timestamp NOT NULL DEFAULT current_timestamp()
) ENGINE=InnoDB DEFAULT CHARSET=utf8mb4 COLLATE=utf8mb4_general_ci;

--
-- Dumping data for table `seniorcitizen`
--

INSERT INTO `seniorcitizen` (`seniorId`, `userId`, `fName`, `lName`, `age`, `gender`, `email`, `roleId`, `created_at`) VALUES
(1, 8, 'Lyn', 'Caas', 69, 'Female', 'lyn@gmail.com', 2, '2025-02-27 13:25:37');

-- --------------------------------------------------------

--
-- Table structure for table `seniorcitizens`
--

CREATE TABLE `seniorcitizens` (
  `seniorCitizenId` int(11) NOT NULL,
  `userId` int(11) NOT NULL,
  `occupation` varchar(255) NOT NULL,
  `healthStatus` enum('Excelent','VeryGood','Good','Fair','Poor') NOT NULL,
  `lifestyle` enum('Simple','Healthy','Active') DEFAULT NULL,
  `current_status` varchar(255) NOT NULL
) ENGINE=InnoDB DEFAULT CHARSET=utf8mb4 COLLATE=utf8mb4_unicode_ci;

--
-- Dumping data for table `seniorcitizens`
--

INSERT INTO `seniorcitizens` (`seniorCitizenId`, `userId`, `occupation`, `healthStatus`, `lifestyle`, `current_status`) VALUES
(1, 1, 'Electrical Engineer', 'Good', 'Simple', 'Having difficulty in falling a sleep');

-- --------------------------------------------------------

--
-- Table structure for table `servicemanagement`
--

CREATE TABLE `servicemanagement` (
  `serviceId` int(11) NOT NULL,
  `adminId` int(11) NOT NULL,
  `healthcareId` int(11) NOT NULL,
  `serviceType` varchar(255) NOT NULL,
  `serviceDescription` varchar(1000) NOT NULL
) ENGINE=InnoDB DEFAULT CHARSET=utf8mb4 COLLATE=utf8mb4_unicode_ci;

-- --------------------------------------------------------

--
-- Table structure for table `services`
--

CREATE TABLE `services` (
  `serviceId` int(11) NOT NULL,
  `professionalId` int(11) NOT NULL,
  `service_name` varchar(255) NOT NULL,
  `description` text DEFAULT NULL,
  `price` decimal(10,2) NOT NULL,
  `duration` int(11) NOT NULL,
  `created_at` timestamp NOT NULL DEFAULT current_timestamp()
) ENGINE=InnoDB DEFAULT CHARSET=utf8mb4 COLLATE=utf8mb4_general_ci;

--
-- Dumping data for table `services`
--

INSERT INTO `services` (`serviceId`, `professionalId`, `service_name`, `description`, `price`, `duration`, `created_at`) VALUES
(7, 2, 'Check-up', 'I will check you up with everything I\'ve got ;)', 500.00, 0, '2025-02-20 01:48:29'),
(13, 2, 'X-Ray', 'I will see through everything.', 800.00, 0, '2025-02-20 03:22:21'),
(17, 3, 'Check-up', 'Hi', 500.00, 0, '2025-02-20 05:19:51'),
(19, 5, 'Axe', 'axe', 123.00, 0, '2025-02-23 00:39:26'),
(20, 5, 'xe', 'axe', 123.00, 0, '2025-02-23 00:41:26'),
(21, 5, 'qwe', 'qweqwe', 123.00, 0, '2025-02-23 00:46:17'),
(27, 4, 'Check Up', 'I will check you up real good ;)', 1234.00, 0, '2025-02-28 05:43:30'),
(28, 2, 'check up', 'Sick', 1000.00, 0, '2025-02-28 08:10:51');

-- --------------------------------------------------------

--
-- Table structure for table `service_availability`
--

CREATE TABLE `service_availability` (
  `availabilityId` int(11) NOT NULL,
  `service_id` int(11) NOT NULL,
  `day` enum('Sunday','Monday','Tuesday','Wednesday','Thursday','Friday','Saturday') NOT NULL,
  `time` time NOT NULL
) ENGINE=InnoDB DEFAULT CHARSET=utf8mb4 COLLATE=utf8mb4_general_ci;

-- --------------------------------------------------------

--
-- Table structure for table `telehealthsession`
--

CREATE TABLE `telehealthsession` (
  `sessionId` int(11) NOT NULL,
  `seniorCitizenId` int(11) NOT NULL,
  `healthcareId` int(11) NOT NULL,
  `session_date` date NOT NULL,
  `session_notes` varchar(255) NOT NULL
) ENGINE=InnoDB DEFAULT CHARSET=utf8mb4 COLLATE=utf8mb4_unicode_ci;

-- --------------------------------------------------------

--
-- Table structure for table `user_info`
--

CREATE TABLE `user_info` (
  `userId` int(11) NOT NULL,
  `fName` varchar(100) NOT NULL,
  `lname` varchar(15) NOT NULL,
  `age` int(11) DEFAULT NULL,
  `gender` enum('Male','Female','Other') NOT NULL,
  `email` varchar(255) NOT NULL,
  `username` varchar(50) NOT NULL,
  `pwd` varchar(255) NOT NULL,
  `roleId` int(11) DEFAULT NULL
) ENGINE=InnoDB DEFAULT CHARSET=utf8mb4 COLLATE=utf8mb4_general_ci;

--
-- Dumping data for table `user_info`
--

INSERT INTO `user_info` (`userId`, `fName`, `lname`, `age`, `gender`, `email`, `username`, `pwd`, `roleId`) VALUES
(1, 'John', 'Baldwin', 43, 'Male', 'john@gmail.com', 'John123', '$2y$10$wuy.vc5Iz82czgP0okRW0ODMpGfDJEFTLOAe9YiUJYg/eLR/NXin2', 2),
(2, 'Will', 'McLaren', 54, 'Male', 'Will@gmail.com', 'will', '$2y$10$qAJGQ2op3iyyczgkwjZemuW8.XgENvxE58ZVlnBCdykyvYK0XjGni', 3),
(3, 'John', 'Doe', 54, 'Male', 'JohnDoe@gmail.com', 'JD.123', '$2y$10$A5c7nm0yKMvY/aWNpCg9x.d8qPMNrtbII7qW5BbX6nv90rVtidcO6', 3),
(4, 'Harvey', 'Mercado', 25, 'Male', 'dboyclayton@gmail.com', 'harveym', '$2y$10$tiAH264331/BWZq7cWIcLOjmxc2US554wUhQ/gQ2rH1yeWGCUlpEu', 3),
(5, 'Rentschler', 'Mercado', NULL, 'Male', 'test1@gmail.com', '', '$2y$10$awD5fsdTNC6Fb3w1514Zf.6yditRnBXgZNC.6qMVYOQKrv9Tl84xO', 3),
(6, 'Clayton', 'Mercado', 54, 'Male', 'clayton@gmail.com', 'claytonm', '$2y$10$xYomy0eU2yDh5N9CPS9xcOb.t2MR5OGJ2OcHw4K4pnejjJJ/pZnuu', 2),
(7, 'Lynylle', 'Capacite', 25, 'Female', 'LynCap@gmail.com', 'LynC', '$2y$10$s5sfMnyqeNN57mcxWvcFV.9c4ZRCX8XpVOuX4pvrWjktSl5lxmt4.', 3),
(8, 'Lyn', 'Caas', 69, 'Female', 'lyn@gmail.com', 'lyn', '$2y$10$0pHNy9PXf0s6pHqJjYrwvegPPSIYI9NUW9wrSBjbpraUqSjr6Ll0i', 2),
(19, 'Tester2', 'Test', 60, 'Male', 'tester2@gmail.com', 'tester', '$2y$10$xzh4iTtvVOZH1/ICwNaJ/ui23B6E1gG9GQSedjwm5w/58G7CmEIMW', NULL),
(22, 'MERCADO, RENTSCHLER HARVEY CLAYTON C.', '', NULL, 'Male', 'wolfjay08@gmail.com', 'MERCADO, RENTSCHLER HARVEY CLAYTON C.', '', 2);

-- --------------------------------------------------------

--
-- Table structure for table `user_profiles`
--

CREATE TABLE `user_profiles` (
  `profileId` int(11) NOT NULL,
  `userId` int(11) NOT NULL,
  `profileData` varchar(1000) NOT NULL
) ENGINE=InnoDB DEFAULT CHARSET=utf8mb4 COLLATE=utf8mb4_unicode_ci;

--
-- Indexes for dumped tables
--

--
-- Indexes for table `administrators`
--
ALTER TABLE `administrators`
  ADD PRIMARY KEY (`adminId`),
  ADD KEY `userId` (`userId`);

--
-- Indexes for table `appointment`
--
ALTER TABLE `appointment`
  ADD PRIMARY KEY (`appointmentId`),
  ADD UNIQUE KEY `unique_appointment` (`seniorId`,`professionalId`,`service_name`,`appointment_date`,`appointment_time`);

--
-- Indexes for table `available_doctors`
--
ALTER TABLE `available_doctors`
  ADD PRIMARY KEY (`availableId`);

--
-- Indexes for table `classregistrations`
--
ALTER TABLE `classregistrations`
  ADD PRIMARY KEY (`registerId`),
  ADD KEY `seniorCitizenId` (`seniorCitizenId`),
  ADD KEY `classId` (`classId`);

--
-- Indexes for table `communityactivities`
--
ALTER TABLE `communityactivities`
  ADD PRIMARY KEY (`activityId`),
  ADD KEY `seniorCitizenId` (`seniorCitizenId`),
  ADD KEY `healthcareId` (`healthcareId`);

--
-- Indexes for table `fitnessprograms`
--
ALTER TABLE `fitnessprograms`
  ADD PRIMARY KEY (`classId`),
  ADD KEY `healthcareId` (`healthcareId`);

--
-- Indexes for table `healthappointments`
--
ALTER TABLE `healthappointments`
  ADD PRIMARY KEY (`appointmentId`),
  ADD KEY `seniorCitizenId` (`seniorCitizenId`),
  ADD KEY `healthcareId` (`healthcareId`);

--
-- Indexes for table `healthcareprofessional`
--
ALTER TABLE `healthcareprofessional`
  ADD PRIMARY KEY (`professionalId`),
  ADD KEY `userId` (`userId`);

--
-- Indexes for table `healthmonitoringdevices`
--
ALTER TABLE `healthmonitoringdevices`
  ADD PRIMARY KEY (`deviceId`),
  ADD KEY `seniorCitizenId` (`seniorCitizenId`);

--
-- Indexes for table `reports`
--
ALTER TABLE `reports`
  ADD PRIMARY KEY (`reportId`),
  ADD KEY `userId` (`userId`);

--
-- Indexes for table `roles`
--
ALTER TABLE `roles`
  ADD PRIMARY KEY (`roleId`);

--
-- Indexes for table `seniorcitizen`
--
ALTER TABLE `seniorcitizen`
  ADD PRIMARY KEY (`seniorId`),
  ADD UNIQUE KEY `email` (`email`);

--
-- Indexes for table `seniorcitizens`
--
ALTER TABLE `seniorcitizens`
  ADD PRIMARY KEY (`seniorCitizenId`),
  ADD KEY `userId` (`userId`);

--
-- Indexes for table `servicemanagement`
--
ALTER TABLE `servicemanagement`
  ADD PRIMARY KEY (`serviceId`),
  ADD KEY `adminId` (`adminId`),
  ADD KEY `healthcareId` (`healthcareId`);

--
-- Indexes for table `services`
--
ALTER TABLE `services`
  ADD PRIMARY KEY (`serviceId`);

--
-- Indexes for table `service_availability`
--
ALTER TABLE `service_availability`
  ADD PRIMARY KEY (`availabilityId`);

--
-- Indexes for table `telehealthsession`
--
ALTER TABLE `telehealthsession`
  ADD PRIMARY KEY (`sessionId`),
  ADD KEY `seniorCitizenId` (`seniorCitizenId`),
  ADD KEY `healthcareId` (`healthcareId`);

--
-- Indexes for table `user_info`
--
ALTER TABLE `user_info`
  ADD PRIMARY KEY (`userId`),
  ADD UNIQUE KEY `email` (`email`),
  ADD UNIQUE KEY `username` (`username`),
  ADD KEY `roleId` (`roleId`);

--
-- Indexes for table `user_profiles`
--
ALTER TABLE `user_profiles`
  ADD PRIMARY KEY (`profileId`),
  ADD KEY `userId` (`userId`);

--
-- AUTO_INCREMENT for dumped tables
--

--
-- AUTO_INCREMENT for table `administrators`
--
ALTER TABLE `administrators`
  MODIFY `adminId` int(11) NOT NULL AUTO_INCREMENT, AUTO_INCREMENT=2;

--
-- AUTO_INCREMENT for table `appointment`
--
ALTER TABLE `appointment`
  MODIFY `appointmentId` int(11) NOT NULL AUTO_INCREMENT, AUTO_INCREMENT=11;

--
-- AUTO_INCREMENT for table `available_doctors`
--
ALTER TABLE `available_doctors`
  MODIFY `availableId` int(11) NOT NULL AUTO_INCREMENT, AUTO_INCREMENT=4;

--
-- AUTO_INCREMENT for table `classregistrations`
--
ALTER TABLE `classregistrations`
  MODIFY `registerId` int(11) NOT NULL AUTO_INCREMENT;

--
-- AUTO_INCREMENT for table `communityactivities`
--
ALTER TABLE `communityactivities`
  MODIFY `activityId` int(11) NOT NULL AUTO_INCREMENT;

--
-- AUTO_INCREMENT for table `fitnessprograms`
--
ALTER TABLE `fitnessprograms`
  MODIFY `classId` int(11) NOT NULL AUTO_INCREMENT;

--
-- AUTO_INCREMENT for table `healthappointments`
--
ALTER TABLE `healthappointments`
  MODIFY `appointmentId` int(11) NOT NULL AUTO_INCREMENT;

--
-- AUTO_INCREMENT for table `healthcareprofessional`
--
ALTER TABLE `healthcareprofessional`
  MODIFY `professionalId` int(7) NOT NULL AUTO_INCREMENT, AUTO_INCREMENT=6;

--
-- AUTO_INCREMENT for table `healthmonitoringdevices`
--
ALTER TABLE `healthmonitoringdevices`
  MODIFY `deviceId` int(11) NOT NULL AUTO_INCREMENT;

--
-- AUTO_INCREMENT for table `reports`
--
ALTER TABLE `reports`
  MODIFY `reportId` int(11) NOT NULL AUTO_INCREMENT, AUTO_INCREMENT=2;

--
-- AUTO_INCREMENT for table `roles`
--
ALTER TABLE `roles`
  MODIFY `roleId` int(11) NOT NULL AUTO_INCREMENT, AUTO_INCREMENT=4;

--
-- AUTO_INCREMENT for table `seniorcitizen`
--
ALTER TABLE `seniorcitizen`
  MODIFY `seniorId` int(11) NOT NULL AUTO_INCREMENT, AUTO_INCREMENT=2;

--
-- AUTO_INCREMENT for table `seniorcitizens`
--
ALTER TABLE `seniorcitizens`
  MODIFY `seniorCitizenId` int(11) NOT NULL AUTO_INCREMENT, AUTO_INCREMENT=2;

--
-- AUTO_INCREMENT for table `services`
--
ALTER TABLE `services`
  MODIFY `serviceId` int(11) NOT NULL AUTO_INCREMENT, AUTO_INCREMENT=29;

--
-- AUTO_INCREMENT for table `service_availability`
--
ALTER TABLE `service_availability`
  MODIFY `availabilityId` int(11) NOT NULL AUTO_INCREMENT, AUTO_INCREMENT=9;

--
-- AUTO_INCREMENT for table `user_info`
--
ALTER TABLE `user_info`
  MODIFY `userId` int(11) NOT NULL AUTO_INCREMENT, AUTO_INCREMENT=23;
COMMIT;

/*!40101 SET CHARACTER_SET_CLIENT=@OLD_CHARACTER_SET_CLIENT */;
/*!40101 SET CHARACTER_SET_RESULTS=@OLD_CHARACTER_SET_RESULTS */;
/*!40101 SET COLLATION_CONNECTION=@OLD_COLLATION_CONNECTION */;
