-- phpMyAdmin SQL Dump
-- version 5.2.1
-- https://www.phpmyadmin.net/
--
-- Host: 127.0.0.1
-- Generation Time: Mar 23, 2025 at 06:39 AM
-- Server version: 10.4.32-MariaDB
-- PHP Version: 8.2.12

SET SQL_MODE = "NO_AUTO_VALUE_ON_ZERO";
START TRANSACTION;
SET time_zone = "+00:00";


/*!40101 SET @OLD_CHARACTER_SET_CLIENT=@@CHARACTER_SET_CLIENT */;
/*!40101 SET @OLD_CHARACTER_SET_RESULTS=@@CHARACTER_SET_RESULTS */;
/*!40101 SET @OLD_COLLATION_CONNECTION=@@COLLATION_CONNECTION */;
/*!40101 SET NAMES utf8mb4 */;

--
-- Database: `senior_connect`
--

-- --------------------------------------------------------

--
-- Table structure for table `appointment`
--

CREATE TABLE `appointment` (
  `appointmentId` int(11) NOT NULL,
  `seniorId` int(11) NOT NULL,
  `professionalId` int(11) NOT NULL,
  `service_name` varchar(255) NOT NULL,
  `appointment_date` date NOT NULL,
  `appointment_time` time NOT NULL,
  `appointment_status` enum('Pending','Confirmed','Cancelled') DEFAULT 'Pending',
  `created_at` timestamp NOT NULL DEFAULT current_timestamp(),
  `doctor_response` text DEFAULT NULL,
  `meeting_link` varchar(255) DEFAULT NULL
) ENGINE=InnoDB DEFAULT CHARSET=utf8mb4 COLLATE=utf8mb4_general_ci;

--
-- Dumping data for table `appointment`
--

INSERT INTO `appointment` (`appointmentId`, `seniorId`, `professionalId`, `service_name`, `appointment_date`, `appointment_time`, `appointment_status`, `created_at`, `doctor_response`, `meeting_link`) VALUES
(1, 1, 2, 'X-Ray', '2025-02-28', '09:00:00', 'Cancelled', '2025-02-27 23:36:18', 'Duplicate', NULL),
(2, 1, 2, 'X-Ray', '2025-02-28', '10:00:00', 'Confirmed', '2025-02-27 23:37:12', NULL, NULL),
(3, 1, 2, 'Check-up', '2025-02-28', '11:00:00', 'Confirmed', '2025-02-27 23:48:33', NULL, NULL),
(4, 1, 2, 'Dental', '2025-02-28', '12:00:00', 'Cancelled', '2025-02-27 23:50:45', 'Duplicate', NULL),
(5, 1, 2, 'Dental', '2025-03-01', '03:00:00', 'Pending', '2025-02-28 01:53:57', NULL, NULL),
(6, 1, 2, 'Dental', '2025-02-28', '01:00:00', 'Cancelled', '2025-02-28 07:03:07', 'Duplicate', NULL),
(7, 1, 2, 'Check-up', '2025-03-01', '09:00:00', 'Pending', '2025-02-28 07:32:08', NULL, NULL),
(8, 1, 2, 'Dental', '2025-03-01', '10:00:00', 'Cancelled', '2025-02-28 07:38:03', 'Duplicate', NULL),
(9, 1, 2, 'Dental', '2025-03-03', '11:00:00', 'Pending', '2025-02-28 08:08:07', NULL, NULL),
(10, 1, 2, 'check up', '2025-03-05', '12:00:00', 'Pending', '2025-02-28 08:14:18', NULL, NULL),
(11, 25, 3, 'Check-up', '2025-03-19', '10:00:00', 'Pending', '2025-03-18 22:47:42', NULL, NULL),
(12, 3, 3, 'Check-up', '2025-03-19', '12:00:00', 'Confirmed', '2025-03-18 23:31:07', NULL, NULL),
(13, 3, 3, 'Check-up', '2025-03-20', '10:00:00', 'Cancelled', '2025-03-19 01:33:59', 'Duplicate', NULL),
(14, 3, 3, 'Check-up', '2025-03-20', '12:00:00', 'Confirmed', '2025-03-19 01:54:45', NULL, 'https://meet.google.com/wzs-haub-yib'),
(15, 4, 3, 'Check-up', '2025-03-21', '10:00:00', 'Pending', '2025-03-19 01:57:54', NULL, NULL),
(16, 3, 9, 'Check-up', '2025-03-20', '10:00:00', 'Pending', '2025-03-20 03:04:31', NULL, NULL),
(17, 3, 9, 'Check-up', '2025-03-21', '10:00:00', 'Confirmed', '2025-03-20 03:05:02', NULL, 'https://meet.google.com/rpe-agft-fth'),
(18, 3, 9, 'Check-up', '2025-03-21', '12:00:00', 'Pending', '2025-03-20 07:05:20', NULL, NULL),
(19, 5, 9, 'Check-up', '2025-03-22', '10:00:00', 'Confirmed', '2025-03-20 07:08:24', NULL, NULL),
(20, 4, 9, 'Check-up', '2025-03-27', '11:00:00', 'Pending', '2025-03-21 01:49:14', NULL, NULL),
(21, 4, 9, 'Check-up', '2025-03-25', '10:00:00', 'Pending', '2025-03-21 02:03:30', NULL, NULL),
(22, 4, 9, 'Check-up', '2025-03-29', '10:00:00', 'Pending', '2025-03-21 07:01:24', NULL, NULL);

-- --------------------------------------------------------

--
-- Table structure for table `available_doctors`
--

CREATE TABLE `available_doctors` (
  `availableId` int(11) NOT NULL,
  `professionalId` int(11) NOT NULL,
  `is_available` tinyint(1) NOT NULL DEFAULT 1,
  `created_at` timestamp NOT NULL DEFAULT current_timestamp(),
  `updated_at` timestamp NOT NULL DEFAULT current_timestamp() ON UPDATE current_timestamp()
) ENGINE=InnoDB DEFAULT CHARSET=utf8mb4 COLLATE=utf8mb4_general_ci;

--
-- Dumping data for table `available_doctors`
--

INSERT INTO `available_doctors` (`availableId`, `professionalId`, `is_available`, `created_at`, `updated_at`) VALUES
(1, 2, 1, '2025-02-20 04:51:24', '2025-02-22 23:41:13'),
(2, 3, 1, '2025-02-20 05:19:40', '2025-02-22 23:41:21'),
(3, 17, 1, '2025-02-28 05:43:34', '2025-02-28 05:43:34'),
(4, 26, 1, '2025-03-18 12:23:45', '2025-03-18 12:23:45'),
(5, 27, 1, '2025-03-18 22:20:04', '2025-03-18 22:20:04'),
(6, 7, 0, '2025-03-18 22:45:23', '2025-03-18 22:45:23'),
(7, 9, 1, '2025-03-20 03:01:48', '2025-03-20 03:02:50');

-- --------------------------------------------------------

--
-- Table structure for table `forum`
--

CREATE TABLE `forum` (
  `forumId` int(11) NOT NULL,
  `title` varchar(255) NOT NULL,
  `userId` int(11) NOT NULL,
  `roleId` int(10) NOT NULL,
  `created_at` timestamp NOT NULL DEFAULT current_timestamp()
) ENGINE=InnoDB DEFAULT CHARSET=utf8mb4 COLLATE=utf8mb4_general_ci;

--
-- Dumping data for table `forum`
--

INSERT INTO `forum` (`forumId`, `title`, `userId`, `roleId`, `created_at`) VALUES
(15, 'Great Service', 28, 2, '2025-03-21 01:02:49'),
(18, 'Birds', 28, 2, '2025-03-21 01:23:56'),
(19, 'Dogs', 28, 2, '2025-03-21 01:24:53'),
(20, 'Cats', 29, 2, '2025-03-21 01:29:42');

-- --------------------------------------------------------

--
-- Table structure for table `forum_replies`
--

CREATE TABLE `forum_replies` (
  `forum_repliesId` int(11) NOT NULL,
  `topicId` int(11) NOT NULL,
  `userId` int(11) NOT NULL,
  `roleId` int(10) NOT NULL,
  `message` text NOT NULL,
  `created_at` timestamp NOT NULL DEFAULT current_timestamp()
) ENGINE=InnoDB DEFAULT CHARSET=utf8mb4 COLLATE=utf8mb4_general_ci;

--
-- Dumping data for table `forum_replies`
--

INSERT INTO `forum_replies` (`forum_repliesId`, `topicId`, `userId`, `roleId`, `message`, `created_at`) VALUES
(7, 15, 28, 0, 'Hi', '2025-03-21 01:12:49');

-- --------------------------------------------------------

--
-- Table structure for table `healthcareprofessional`
--

CREATE TABLE `healthcareprofessional` (
  `professionalId` int(7) NOT NULL,
  `userId` int(7) NOT NULL,
  `fname` varchar(20) NOT NULL,
  `lname` varchar(20) NOT NULL,
  `age` int(2) NOT NULL,
  `gender` varchar(7) NOT NULL,
  `doctorEmail` varchar(30) NOT NULL,
  `specialization` varchar(500) NOT NULL,
  `profile_picture` longblob DEFAULT NULL
) ENGINE=InnoDB DEFAULT CHARSET=utf8mb4 COLLATE=utf8mb4_unicode_ci;

--
-- Dumping data for table `healthcareprofessional`
--

INSERT INTO `healthcareprofessional` (`professionalId`, `userId`, `fname`, `lname`, `age`, `gender`, `doctorEmail`, `specialization`, `profile_picture`) VALUES
(2, 5, 'MERCADO, RENTSCHLER ', 'ee', 26, 'male', 'wolfjay08@gmail.com', 'Cardiologist', 0x89504e470d0a1a0a0000000d4948445200000200000002000806000000f478d4fa000000097048597300000ec300000ec301c76fa8640000001974455874536f667477617265007777772e696e6b73636170652e6f72679bee3c1a0000200049444154789cecdd77781cd5b93ff0ef99ed4d5b542ce32ad9800bd88029066c02b19d46926b48a5184c0821e5a692dc7bf3bb370937b9c94d0284744880003184342e2de0604c08cd14536c19b9aabaca9225ed6afbccce9cdf1f6b39c6b1a4dd293b33bbefe7797820d19e99f7483b73de39e7cc3900218410420821841042082184104208218410420821841042082184104208218410420821841042082184104208218410420821841042082184104208218410420821841042082184104208218410420821841042082184104208218410420821841042082184104208218410420821841042082184104208218410420821841042082184104208218410420821841042082184104208218410420821841032316676008410428e6ff3e6cd4d002e1004613e80399cf3930044014400040f7f2c05200e6018c00e00db39e7ed009e5fb87061bf0961139ba0048010422ce4adb7de3a4b5194cb00ac00301feaefd31c403b80758cb1074e3df5d4d7f48a9154074a000821c464bb76edaacbe5729fe29c7f02c05c834eb3953176b7cbe5fad59c397392069d83d808250084106292f6f6f6982ccb5f04f07914bbf62b619873fe53c6d84f162c58305ca173120ba2048010422a8c73cedadada5631c66e06d0685218439cf36f2f58b0e0678c31c5a418888928012084900a6a6f6f9f2dcbf2bd00ce333b1600e09cbf2808c2d5a79e7a6aa7d9b190ca12cc0e8010426ac5962d5b2e916579232cd2f8030063ec7ccef99b9b376ffeb8d9b190caa2048010420cc63917dadada6ee59cff1f8aaff0594d8831f6405b5bdb2d9c736a176a040d0110428881dadbdbddb22cdf03e032b36329d1ef44515c7de699674a6607428c450900218418e470e3ff1080f7991d4b991e1745f1124a02aa1b75f51042880138e74c51943b60bfc61f002e76bbddf7d2704075a33f2e21841860cb962d3fe29c5f65761c1a5cd6d6d6f603b38320c6a121004208d1595b5bdb4700fcd1ec38f4c039bf7ce1c2850f981d07d11f25008410a2a32d5bb6cce29cbf0e206c762c3a49003863c182055d660742f44543008410a213ce39e39cff16d5d3f803c5badcc339a707c62a4309002184e8a4adaded5a5868911f1d2d6d6b6bb3f37c06721c94d11142880edadbdb638aa2ece09c37981d8b41fa65593ef9f4d34f8f9b1d08d107f5001042880e6459fe521537fe00d0e47038be607610443fd4034008211aeddab5ab2e9bcdf6a0725bfa9a65c8ed76cf9c33674ed2ec408876d4034008211ae572b94fa1fa1b7f008889a2789dd941107d50024008211a71ceaf363b860abad6ec00883e28012084100dde7aebadb3009c62761c15346fd3a64da79b1d04d18e12004208d1405114bbecf2a71bc6d8e566c740b4a304801042b47997d9019860b9d90110ede82d0042085169f3e6cd4d8cb13ed4debd948ba2d874e699671e323b10a21ef5001042887a17a0f61a7f00601e8fe702b38320da5002400821ead5d2e4bfb7e19ccf373b06a20d25008410a2922008279b1d83896ab9ee5581120042085189737ea2d93198e824b30320da50024008212a55f9daff13a9e5ba57054a0008214425c658c8ec18cc52cb75af1694001042887a41b303300be79c12009babc5d757c818f833777b87026c968bb3160ecce49ccfe4c024c6d00005f5606804103efc710f00ffe1ff5600240eff779e01831c1804c72018ef07677b18d0c3801ec1c13b83675fd357e9ba11528e8e8e8e698cb1e582209c23cbf229b22ccf50142502c0c93977288ae2e49c33cef971cb0b820097cb05a7d309a7d30997cb0587c3014110c0183bf26fc66c7f0b9600a400c4010c03d8c118dbce396f77381ccf8742a17e73c323e3b1fdb78fa833fce6dd11218ff3c0d9199cb1050016007c360047054e3f04603307b6007cb3933b5e0a2e5eb59d3176fcbb292106dbb367cf1459963f5128143e582814e68ba2e82ba73c630c1e8f075eaf175eaf176eb7dba850ed840368678cade39c3f1089445e333b20f2769400d488c4863b639cb95680291781b3f3c1300fd61a021ae41c2f31813fa770e1c9d8e2abdbcc0e8854b79e9e9e164551be238ae2072449aa1beb697e2c8220c0eff7231008c0ed7657c3d3bca138e75b1963774b92f4abc6c6c6a4d9f1104a00aa5af2e5dfcc53b870a922b0f732cecf41659eeef5b20f0c6bb982c722c3234fb2f77d216f7640c4fe38e7ceddbb777f239fcf7f2297cb4d55730c9fcf874020009fcf478dbe3ac39cf39f32c67e12894486cd0ea696d1b7b7ca8cbc72ef499c2b1fe39c7d14ac6a56294b30e01130fcb12e33e34976d14505b30322f6c23977767575fd309fcf7fb6502878d41cc3eff7231c0ec3e572e91d5ead1ae29c7f3b1289fc8c31a6981d4c2da204a00af0277eea49d4873e08ce3e056019aafbefda07c6ef4581dd11397f75a7d9c1106bebeeeef672ceefc8e5721f2b140a65b7dc8c31040201d4d5d5c1e9741a1162cde39cbfc818bb3a1289d0f55c61d5dc5054bda1d77e3b5d28285f00f0090051b3e3a93005e04f01ec47e173ae7e8a261092637576767e5614c55b2449f2aa29eff178108bc5e889bf32928cb14f85c3e1df9b1d482da104c086e22ffde60cc0710318ff0800ba3b016d9cb11f451cb9dfb133af97cc0e86986b6060e0a4783cfe70369b9daba6bc20080887c30885e835f74a638cfda8aeaeee6b342450199400d8c8d0c6df9e22c8fc9b00ff30e86f771cac17e0df0b6767fc86e609d4a6aeaeae1f663299af2a8aa2eafaf0f97ca8afaf872058e905999af3bb7038bc9a3146c9bcc1a811b181910d77cf5104f63f002e05fdcd4ac07680f36f86175ffd271a1aa80dfdfdfdc1919191bf673299456aca33c6100e87515757a777684405cef9e39148e4124a028c458d8985c59fbf3f0ab7f8efe0eccb00686591f2bd2a30f6a5ba73ae7ec9ec408871f6ecd9f38e542af5b824490135e59d4e271a1a1a68f11e8be19cdf1f89445651126f1c4a002c88f31b8591575a3ecdc1bf0da0deec786c4e01d83d02c3bfd59d73f5a0d9c1107d7577775f93c964ee946559559fbddbed466363231c0e3b2d9151536e8e44225f333b886a450980c5245ebefb440ef66b00179a1d4b951902f0f5c8e2d5bf363b10a28faeaeaeaf6632991faa1deff77abd686c6ca4c57c2c8e317679381c7ec0ec38aa117df32d82bff62bd748c1f375cef0ffc0a16aa112520af68454285cd7b8e4dafd664742d4ebeaeafa793a9dfe5cb9cbf78e0a040288c562d4f8db4302c0199148a4cbec40aa0d7dfb2d20feca6f5b3857d630e07cb363a9117106fe99f0e26be89d631beaececfc653a9dfe8cdaf2814000f5f534b266278cb1e7ebeaeade41f301f4450980c9e22fddfb49307e2b6a785f71f3b03b32cedc974e38f3fa8cd99190d27475757d35954adda4b63c75fbdb17e77c75341abdd7ec38aa095d0506ebeded9d27cbf227144559a4284aab2ccb0d8aa2b839e70ece399b967eddec106bdbc9ffc20124c1d820683f734bebeeeebe269d4edfa576ccdfe3f1a0a9a9891a7ffbeae79c9f1c8d46e36607522d68716b03f4f6f65e2d8ae2170a85c2bc4422a16a19525221c5d6a0eef03f2d00ce181d57966599c7e371dacfdc02f6ecd9f38e9191913bd536fea3affa51e36f6b4d82207c01c0b7cd0ea45ad0d5a0933d7bf64c1145f1f67c3ebfa29cddc6a667de30322c3291392b4bfe28ed676e8efdfbf7fb1389c4414992540d9331c6d0d4d4048f87e6d6568121499266d2f5a70f5aef52a3ddbb77cfdab56bd7b38944624f3a9d7ebfdaad4689f531c6e601b8c9e572f50e0f0fdf188fc76b6d032653a4d3e90d6a1b7f00884422d4f8578f98d3e9bcceec20aa0525002a71ce85cececebb92c9e4ce6c367b819aae49ba29d9569431f62d001dc3c3c35fe49cd37564908e8e8eef64b3d9856acbfb7c3edad4a7fa5c6b7600d582860054e8eded5d96c9641e922449d59d853186482452bc316d7f58eff04839ca1802180bed676e8cdedede79c964f22db5e3fe0e870393274fa68d7daa10e7fc8c6834faa6d971d81d5d1965eaeaeaba796464e429b58dbfc7e3417373333d955411c6d8f900de4c24121f373b966a92cfe71f55dbf803c5ae7f6afcab1363ec72b363a8067475948873eedcb56bd71ba954ea06ceb9aa9b522010405353135c2e97dee111f38538e70f2412895b684840bbcecececfe672b9596acb7b3c1e0402aaf60622f6b0dcec00aa01dda84ad0dfdf1fdcb9736747369b3d5ded3142a110eaebebe935a42ac739ff4a229158c339a72c4fa5eeee6eaf288a37ab2dcf18432c16d33324623d0b4746461acc0ec2ee280198407f7f7f706868a82b9fcfcf507b8c68348a6894268cd790cbe3f1f8439404a8c339bf4392249fdaf28140807ad9aa1f9365f902b383b03b4a00c6c139171289c42651141bd51e231c0ed3787f0d628c5d9c4824eea5e180f2b4b7b7bbb3d9ecc7d496678ca1aeae4ecf908845098230dfec18ec8e6e4ee3e8e8e8782d9bcdaa1e870c04020887c37a8644ece5b24422f103b383b013bfdfff535996553fbefbfd7e389db4c0692d5014e564b363b03b4a00c6d0dddd7dab96317fafd74be3900400be9a48242e333b083be09c3b72b9dc6a2dc7a0a7ffdac1183bc9ec18ec8e1280e3e8e9e9b9289d4e7f516d79411068c21f3982737e5b3c1e6f353b0eabdbbd7bf737254952bd3a96cfe7a3b1ffda42930035a204e0189c73219bcd3ea2e5fde368340a87c3a16758c4dec28cb17bd4be3e5a2bf2f9fc27b494a7d7fe6a0e4daed288128063f4f4f4fc46ed223f40710c926e44e4589cf3a5f178fc2ab3e3b0aa9e9e9e965c2e37556d794110e0f3a97e7180d81325001ad16c99a3ecdebd7b5632995ca5b6fce812bf841c0f63ec87c3c3c38fd07ee6ff4c96e5ef6a29eff7fb69c8adc670ce3d6d6d6d228038801e009b38e77ff3783c8fcf993387760b2c01f5001c4514c5bb655956fd3b0906833403998c67743f73720c49922ed6529e7add6a8fa22800e002d008e02c00d731c61e1045b16ff3e6cd77bef9e69b279a1aa00d500270d89e3d7ba6e472b9256acbd3fbc7a4149cf32f0e0c0c50d7e551bababa664892a4fae21104016eb75bcf90880d1c4e008ec7cf18bbd6e170b46fd9b2e587ddddddde4ac6652794001c268ae2ed5a26fe0583c1f227fe7159ede9885ef8983711a3d07ee6c7e09c5fcf39575ddee3f150f77f0d1a270118e5e29c7f2d994c3eb375ebd6c99588c96e2801384c14454d9b4ba8ea8294252da7247a30e76f40fb991f455194f76a29eff5d2035e2d2a140aa57e7471a1507875cb962d0b8c8cc78e280100d0dbdb7bb52449aaef224ea7535d17a4423d00a6e325df4474c3189b373c3cac7a91a96a532814e668294f09406d92a4b292f7a99cf3b59b366d9a62543c76440900005114354dcc523d01a990d3725aa20793fe06b49f79514747c7342dc9b72008b4f84f8d2a330100801304417864c3860df4bee86194000028140a9a3695f0fbfdea0a8af4a68ae9f229b3ce4cfb9903608c69fa3d50e35fbb445154536c513018fc0fbd63b1ab9a4f007a7b7be769597e54d31388685ae3434699f737a0fdcc010882708e96f2f4da6d6d124511b2ac7a08f5069a145854f309802ccb9a961fd5f4fa518ed683319d797f03dacf1c802ccba768294f09406dca66b35a8a076459fe865eb1d8192500b27ca696f2aa13004506b2435a4e4df4901d346d3226ed670e288a32434b791a02a84d1a130070ceafdabe7d7bcdafc751f3090080995a0aab4e0072c366bc834e8ec515206f4e2f00ed670e288a12d6529e36ddaa3d9224a91dff3f5a4092a4f7e9118f9dd57c02204952a396f2aa6f40a93e2da7257a4a9af3b7a0fdcc01ceb9a625fc04a1e66f61356764644497e370cedfa9cb816cace6af1e736e401c18d9abe5b4444f237b000d2bd16950f393001545d1f4084f09406d511405994c46afc3d5fcc240357ff570ce2b7f034a1fa23500aca49003b287cc3873cd8f416abdfe6809e0da924c26a165d9e863b4ea7520bba20480734d77105509c07097965312230c779b71564a00345e7f9400d40e599675ebfe3f4cd3fc936a400980c66cb2ec1b503e49e3ff56943c00e475bdb99442f5fa13d5a2e2d71fb1ad783caee7d33f40d71f25001537b8138029e3cd645c1c18ea303b0842c871e4f379a4d369b3c3a83a940054522e0e2469f29f6525f6145fcf24845886a2283874c894393a558f12804a3ad866d66c7352120ef4b5817a6808b18ec1c1412dcbfe927150025029f11e5af9cf0e72c340bcd7ec28082128bef3af75d53f32364a002a213f021cdc627614a45407b798312190107294743a8d789cf64b3112250046536460ffeb00a72e2cdbe032b06f23fdcd083149369bc5d010f5981a8d12004371e0c0eb403e617620a45c62f2701240f30108a9a4743a8d43870ee9fdca1f390e4a008cd4ff1690dc6f761444ad545f71e22621a422464646303838488d7f85d066da4639b41d18ea343b0aa255bc1b707a80863966474248d5e29c63686888def5af304a008c70687bf11f521d0e6d2fce07689c6f762484541d499270e8d021489264762835871200bd51e35f9d067715ff4d490021ba49a7d3181a1aa22e7f935002a0a7521b7fa70f98742a1068020493ff044a01c80c00fd5b8b13df2ac1aef5a72480107d283230d08ec17cc4ec486a1a4d02d44b398d7fcb4540e804f31b3fa018437032306329e0f41a7f3ebbd77f701730d06e7c5c8454ab7c12e87d967645b5004a00f4504eb7ffa4530187dbd878d470b88bb119ad1aea4f490021ea2476033d7fa785b62cc2028f603657ee987fa0c9b858b40a4caac039aaa4fe341c4048e90e77f9d353bfb55002a08157490187769a1d868e6a7d224e99f5a724809089e593c0fe8df4d46f413404a092574921b7737df9053303fa07a397740562abb6fad370002163a32e7f4ba3044005d58d3f509c6d2e8bfa06a407590406b61a7f9e6aac3f250184bc9d221757d13cf006eda961619400944953e30f145f35ebfe1b90dc577c05cd6c4aa1b85c71ef73809832fe7cd55a7f4a020829a259feb6417300caa0b9f11f55c815379aa955d55a7f9a13406a5d6237d0b7999efa6d82128012e9d6f893ea464900a94534cbdf962801280135fea42c9404905a42b3fc6d8b12800950e34f54a12480d402eaf2b7354a00c6418d3fd184920052ada8cbbf2a500230066afc892e280920d586bafcab062500c7418d3fd1152501a45a50977f55a104e018d4f81343501240ec8cbafcab524d2600975c72c95c00dfe59c9ff3ddef7e172d2d2d58b264094e9a1a33a5f1e71ce83a308cad3dfde8e98ba36f388d7832879c284156b4adcfef1018bc6e1722212f9aa301b44c8e62ee8c46b44e8e82319d2aa051cdd4ff7012d039e2c5134f3c81f6f676ac5cb9320560bda228fffee8a38feea87044844c2c3f525cb7434c9a1d09d199459a80cab9e4924be672ce5f02103ef667b39a43b8e8d4c998de182cf978d3a74f571dcb70328bf5af776143fb5e0c27b3aa8fa34634e4c379f3a762f9a2564443be8a9e7b54add5bf73ff301e79613bdaba0e1eefc7c38aa29c5b6b49405b5b9ba60c4fcbf5474a607097ff6eff19861cb7540b162ca8b936f068b5d803f07d1ca7f10780cebe243afb92aa128172a4b2221e7c6e2b9e6fdb8d82ac18728e890c27b378fce55d58b7b1134b17ccc0a517cc45d0e7aec8b96badfe1334fca3a282207c1fc025860441483964b1b88e7faacfec4888816a2e01e09c2f9be833462602af6cdb8735eb362395b5c6863892ace06f6f7663e38efd58f5ae05387bce1443cf574bf52fb1e13fda3b753b39216aa50e149ffa0b39b3232106abc50420c9180b94f2d9d144607a4300ef5c78025a27858efccce3f1201c3e6e47c271c98a82fb9e6ac3336ff6941d7325243379fcf2e18dd871c6202e5f7e0a1c82befb44d552fd5534fc0000b7cbe14dbc7cf7c7c582f278e3926b69c09554962c1527fac57b2a764a060e5e7b23d196517309405324d03990c834975366f7a134ee797a17663587b0e28c6938eda4e9f07abd2597970a327ef1f0466ceab07e77dad36f7461702483cfad3c0b2ea7439763d64afdd536fca34e6d9de4e6600fb89c8e4cfca57b1e608cff20bcf89a5daa0e46483912bb8b8d7f215fd1d3322e83b39a6b862ca36652af3deb7e72622e977ff8c0a1c4bcdbfeba035951fd56b4f3673662e5d2b938714a6cc2cf2a9ce3170f6fc4eb3bf6ab3e9f1916ce9a842f7ce81ccd3d01b5507fad0d3f0004bc6e7ce3aa0bd01c7bdb709304b01f87b3ca37d945d754657f2c4d0234593e011c6c033283a69c7e9f773e64c163cab9019a04581395ef5e7bcb8dd94ceebf0ab2ec0080c1641e8fbfb6071d07b4ad64554a2270ef939b2cdbed3d916567b460d5bb166a3a4635d75f8f861f287e8fae5cb11093ebc79c6bf2b2cbe9b83470e6aa039a4e6441940098a490030e6d0712bdc5f7704dd2e79d0351f09b767e4a00aa58d7d337cf90d2cab3f95c6ec6f17ebe77308d67dfeac38e7d094de739714a0c975e3017736734beedff7f65db5edcf6c86b251f47a88bc17de219f0cc5e0821dc00211803736bcb8eb99887921a821c1f80d8b119e2ae37a024874b2effb99567e12c9513e3aab5fe9dfb87f1d8861dd8dc79105cc3cdb3f8bd9987b9331a4af9f85e05ece2d8e2abdb549fd0822801a8302e03435dc0e00e4051df0baa97414f0bd28ea869e7a704a04aed5ef7a377a5d2f9470b9234610b62442290ce49f88f5f3d856409b3dd1da1287ce7ff0b3c0b968209fa8cbb8f8973883b5e43ea6fbf87323271b75fd0e7c6f73fb5bcec57e4aab1fe2635fc473060bfa4b0b31bcebb7a9fea935b0c250015c26560b80718da65a9d9fd09d764245c934d3b3f250055a87bed2d37a6d3d96f2a8a5256fdf44c04827e37dedc35f1a437cf89a723f881ebc1dca54f2ad4031773483e7a3bc48e4d137e76c5a2565cb1624159c7ffed939bf1b737bb27fc9c1dea7ff69c29100bb2690dff315e4f2afea5d3cefb6865574e3208250006536420de7db8e1afec04bf52641c111cf2b49a767e4a00aa4ce7e337ff2e9dce5ca6b67c3014c47096e1b10d3b0c9fb5ee5bb40281e597c3b4357939476afdfdc8bd3efef2c72e87809b3ef32e4482a535d2c3c92cfeedf6a7204db0c88f5deaaf954e0dff111cf87674f1ea6fe97230935102609042aef83adf705771511f8b929913fb7ce53d5ce8a9d61380aa7affa2ebf15bd6a4d269f58d7f30885834865814f8d287171fe9f2352211f09c78bab98d1f003086e0f22ba0240e8dfb242cc90a9e7ea31b1fba606e49875dff7ad7848dbf9deaaf96de0dff2806dc907af5eedb82675f63fdf72a496565878a4ffc23fb006ece2a9be570f0025c3c078955b6079014e9bbda8b89ba1effd17fa5d3e92bd596f779bd88c6de3e1965d609517ce9c38bf18dabde81d36697b574c0b81ca128821fb8dedcc66f1463087de07a08c1c8b81fdbd0bea7a4c9c29c031bdaf78efb193bd6bf1c274e89e1df2f5b82ff5c7581ee8dff61810267df34e2c0c48664b1f8a4dffd37a0f73920b1c7168dff28afaced6d2ca25e552400bdeb7f3a2f9bcdfcb7dabe4487e040acbe016c8c1111bd1301df924b2a3ee63d1ee6f1c1bf64e5b89f194c64d0d3179ff0585d078627dcd8c78ef52f45051afe7fe0b86ae085bb42137f905425452eaed3bf6f23d0f1d7e2bbfc797b36a481c290d921d4acaa1802c867726b6545519dcc446311381c13171f4d04b40c0d08753178172c5113a6a13c0b9622fbe22390c779456e6b6f3f5a268fffa4bcad7760dc9fdbb9fe6331aaab7f020197c3f93e007fa8e44989891409481d2caed59f3a6889d7f8f4e05632340c60120bf4c16ad3b3f6d64b4752c907a1f2f1dfe5726172f36455bf898e7d4378e4c51dd852c64230be452b10587145f927ab80f4ba35c8bef1b4a1e7a8a6facf9fd984954be794b422a4417e1d59bcfa7ab34eaed6873ef4a1565996bf03e0428fc773424b4b0b962c59a26a429f1e930039e7e8eaeac2d6ad5bd1d3d383bebe3ec4e371e47239c8b2b66d701d0e07bc5e2f2291089a9b9bd1d2d282b973e7a2b5b5156cc221300ee41240ba1f480f00d94143baf6392ff6dc6dede9474f5f1c7dc369c49339e44409b2a26d912087c0e075bb100979d11c0da0657214736734a27572f46d238049d7240cbb8cdd886cd4debd7bf1c20b2fa0b3b313f97c7e2f80bf03f8c6c30f3fdc5391002cc4f60940c75f6eda98c964cf545b3e1a8d2214d2d6935a4e2250f7d1afc0dd6adeacd7f1489d9b91f8d3ad869ea31aea6f81867fd4cb91c5abcf353b88725c72c9257339e71b00fc5357d2ac59b370d1451795d5a86b4900868787b17efd7a6cd8b001c3c3e5f7fc68118d4671de79e761f9f2e588460fcf3de20a901b2e4ee4cb0c16ff6de00cfee16416eb5fefc286f6bd130edbe92d1af2e1bcf953b17c512ba2211f3873609ff71428ccb87540f6eedd8b679e7906bb761d777b8d614551ce7df4d1477718168005d97e084012a553b4942f67539fb1cc9e12c30d1f3d171dfb86f0bff73f3f6ed6ec884ed27c3ea3089126c3cf61e7fa3b1d02fefdf2255668f84799f702b57adfc7711a7f00e8ecec446767a7aa44a01ca9540a0f3ef8209e7ffe79140ae674a30f0f0fe3f1c71fc7ba279fc4d233e7e2d20be623e8102b32792f9515f1e0735bf17cdb6e1426785bc728c3c92c1e7f7917d66decc4d2053370e905731172f61bb228d0040dffa8a82008df077089ee015898ed1300595134ad15eb74eaf72b983d2576b85b6fec0440cfd9e67a13ea8c6fd8ec5c7f0658a9f107184adf8fda2238e7cb26fa8c9189c02bafbc82356bd620954ae9764c2da442017f7b790b36b6edc4aa772dc0d92a97dd2ed52bdbf661cdbacd4895b042672548b282bfbdd98d8d3bf6e3ca779d86a9a7bf1bb24ebb0396d8f01fed9dba9cd8466c9f0094bbdadfb1261e87d399891b6f4c48a9c0d340add75f4f1ce66da356a63d8fdd36457266befe5ff7bce4c9e44b7bea1e4d04a63704b0ecb42938a5a5091eaf176ea71b0e9713021380ed6f94742c595170df536d96dd982a99c9e3970f6fc48e330671f9f25334efc2792c3bd4ffb6875fc1057b9378e7fb3f0a4143fd5534fc0000b7cbe14dbc7cf7c7c582f278e3926b93aa03b011db270056e37139c6ed565352713862faad29a0272565fc38a89debeff5b82a1449f5e8feeb8fde5390e49fc4730327710ecc6a0e614b6f79dfb3dd87d2b87bfd4ecc9f397c78f7cd31774d3c2ea920e3170f6f347c654f3d3cfd4617064732f8dccab3e072ea331e6ea7fa3ff7da561c4ade870f7fecf2b27b67d536fca34e6d9de4e6600fb89c8e4cfca57b1e608cff20bc1d068cec0000200049444154f81a7507b389aa5807c04a2221dfb83f97e3fd158aa47c4a7cfc57f8f460e7fa8703b679e036dd8e676e6ee8f8cb4d1b5323a9b5d96cf6a4d18e9fe50b4f80cfadeeb9a3bd6700df5df31c6efafd8bd8b5afb477c715ce71fb63afdba2f11bb5a9a30f3f7fe855c83af448d9b1fe5b7774e0f7bf7f004a89f5dfbb772fd6ac59835ffffad7aa1bff80d78d8fbc63dee8fff483e15a0ed61e7ff9de1ff267eeaedaf7132901d059733430eecfc58ecd158aa47c790396c33d969deb3fb9bebc27cf5ad5f5e48f5728c3d29e4c267be6b1033ed1a0079f7af7c9983db94ef5f1cb4904d6acdb8cd777ec577d2eb36cee3c88dfaddfa2f93876adffce9dbbf0c4134f8cfb193d1a7e00983fb311ffb5ea0234c7fee9fa7601fc6b091f7b26fdda1af3b62c34100d01e8ac657214afef3c30e6cfc55d6f802fbfdcf86d6fcbc41519d2040de0472e9c878b179f34ee67fef2d24efcf9d9ad63fedccef59fd96cdd098c56d1b9f6d6cbb2c9d47de32dcc551ff2e0aa8b666bde7db3bd6700ed3d036fdb86fb68af6cdb5bd698b7501783fbc433e099bd1042b801423006e6d6d6ebc3c53c94d410e4f800c48ecd1077bd01a5c4c5a69e7ea31b73a637e02c951303ed5eff575f7d152d2d2d983f7ffedbfeffbd7bf7e2d9679fc5ce9d3b35edce397dfa745c76fef45216f05a2c15e457875ebef7e2d8e2abdb549fd0822801d0d9445f2625398cfc9617e05df88e0a45549afce6e7265c056fde3137d8e3a9f5fad7b2ae277fbc62a2c6ff6853eb03b8e21db3342702bbf60de1070fbcf8b644209d9370dfbad2eed58e5014bef3ff059e054b754f4c99db03476c321cb1c9c5f52f565c0971c76b48fdedf7504606272c7fef939b31774623823e7759e7ad96fa3ff6e82368696981dfefd7b5e15fb66c195a5a5a303d53da2452005305f0c7d3afad393b70e6aab19ff06ca6e613000e7d57436a9d1c4334e41b77618dccf30fc133f71ccbac87cff359a45f7878dccfd487fd98d91c1df73300d5bfa2182cb3c1fbf043b746fa32d947d42cc93db53e802b2f9c8d8ce2c5da8d9daac7ab8f4e04827e379225bceae639f174043f707de5be8b8cc13de72c445b4f45f2d1db27dc85329515f1c80bdb71c58af216cf7af0d9ad5551ff4c3687b58f3d845c01ba36fc2a4d950af2637b36fc71e9b4f33e5ad995930c62fb390082e0d0345346d1b8d4e7b11803ce3f65daf8e74cc5917cf4766bbc12c739461ebd1d3c3dfed3d779f3a696b4795fadd7bf9218c7c48f501532e82a3c2549d2f83360c711894470f28c465d36dddab56f086fee9a3889f02d5a81d0a55f302511656e2fea3ef44578172d9ff0b37fdfd483782a57f2b18793593cdfd63be1e7ec52ffcded3bb063c70ed58dfff4e9d371cd35d7e0939ffca496c67fd4a2a090f90fad07b10adb27000e41d0f414242bfa260000b0ec8c16b826d85c48ecd884d4fafbcd6d043947eaa9fb20758e3f31cfe510b06c51e98bced57afd2b850396e88aecfeeb8fde93d5b01cb7cbe54430f48f0958466dc37d34cf89a723b0fc7273b7a4660cc1e557c03dfbb4713f26c90a9e7ea3bbe4c3ae7fbd0bd2042bfcd9a9fe6ae9dcf01fc1801b52afde6dcd7799cb64fb04c0e972f468292fe6f55f112b1af2e182853327fc5ceef5f51879f027e0f9caf726f17c16893fff18b91236bfb9f0b49988044b7f4aa8f5fa570cc3ab668700000549fe899634ae2e143eee56dc4625028e5014c10f5c6f6ee3378a31843e70fd842b646e68df5352aecc39b0a17defb89fb163fdcb6154c37f944081b36f1a71e04ab37d02c098e3052de5f3796386512fbd602e42254cdc113b3661f857ff86ec6b4f811bd01b712caec8c86dfa3b86eff8fa844fbe0050e7f760e5d239659fa7d6eb5f098cf397cc8e61cf63b74dc9e572e3bf1a320e2608f007fce37e46ef44c0b7e412cbcc3f0100e6f1c1bf64e5b89f194c64d0d3179ff0585d078627dcd8c78ef52f45051afe7fe0b86ae085bbb4ed226701b69f04e8e1feffceb2f4756a7b9233d92c629cebbe2470c0ebc2aa772fc42f1fde38e167954c12e9f5f723f7ca1370cd3e1deed90be1883442a8ab0773697c0d47ca43191984121f40be6333a48e37cbdaf3feaa772f44c05bde0c6480ea5f0159d9293e6a76109233f3752d13b3fc3e6fc9d7de6822d0b97f188f6dd8a16ab2a050178377c192b2cb19cdb36029b22f3e32ee77736b6f3f5a268fffa4bcad77fcc5acec5cffb1e830b94f8d80cbe17c1f803f54f2a47ab3401f9076bb1efd614f36979ba1b67c7d7d3d0281f117f0516bcdbacd658ddf59c98a45ad65cf3e3e56add7df281cb82fba78f52ab3e3d8f9e80fb7e772b993d5968fd5c7100ca85b60a99c6db847f916ad4060c515aace67b4f4ba35c8963024a54535d57ffecc26fccbd2799834732e92ce46282a36112ae335c0e3f97564f1eaebb51cc06cb61f020000a7dbf9692d99ccc848027c9c1dfcb4b862c5022c3ac97e8b489d36bb191f5fa669a76500547f83c84e2e7ccfec2000a0a0c853b594773bd5f7ae8c6ec3fd5fab2ec0a9ada56d33ed9a75aaeaf319cd3dcbf864b31aea3f7f6613fe73d505f8dac7cfc3495322084b073025f716a2d25eb878e96f4be8c09a4f0765a88a04a0e53d5ff9abc7e7dbaeb6bc2415904ea5f50ce90881317cfa83671a369bd908a79f38199f5b79962e3b92d57afd8dc1ef0c9d7bd536b3a300005e5054bffa07000e1d36bc393a117008e33f0a38a2a5250a6610224d869fc3cef5773a84230dffb1db7233ae2024f56372762b9a73db10920ec2a56430ded6ec3ab0deab4165b2ea1dae6c75b1e03b9c4ea7ea29fdc3f1614892a4674847b89c0e7cfed2b3b1dc82af921d6bc5a2567cfed2b375db890ca0faeb8aa1532a285f333b8c510a2f7fe19fa369d9f6f558b3a7c4269c4fa0e76c73bd0975b1893fa4f51c36ae3f03fea9e13f1eb7924554da87c9b9ed98926943a3d88db0b41f0179086e250327cf43e00530adc9014358db01cc67fb4980a39acfff4c7fe7da5b57cbe9f4fd5c51ca1e11e00ac7e0a141344d9a046182a708351c82802b572cc0c9d3eab1665d1b46329659c40d4071b6fb55ef5e88334f3ec190e3d77afd7592e0903f64a5bdcab54c0004a0fbe4db095961f1a9b1e8b0fbdf846aacfe0ec8f01586a1a99b6a2c1cb6df1eb46a12000098f5de2f3fd0b5eed6583a9efab99a317d51123130d08fa6c6263003920000386bce14cc9bd988879edf8e6737f54cb86087d15c0e01179e36132b97cea9c86cf75aafbf066905c2fb63e7acb6ee768a16e071395018e73ba5a4e270c4ac391ca5a4ca9f015ffe39ec5b7fafc755a1486a4755250000d0faae2fffa277ed8ffb53d9f4efe4825c76fdf2f93cfafafbd0d8d008a7d3985f4fc0ebc6952b16e0fde79e84a7dfe8c68b6fedc6d0486517c3a90ffb71debca958b6a8b5e28bdcd47afd55d803265c1a3be7aad7cc0ec4ea22211fd2b9b187f2e478bf751bc0f8f8aff0e9c1cef50f076cffc06d3955970000c08cf77ee94f7bd6fd6453369f5f9bcbe666955b5e1225f4f5f5211a892010346e0ff848d08b0f5d3017972e9d8beebe616ceb3d849ebe380e0c26319ccc222fc9e33ecd94c2e910e0713910abf3a33916c4cce630e6cd68c2cce688e90b81d57afd4bc019702f63ecab75e75c659975ffadac391ac0be8191317f2e766c2eee4a6741f90936c6d1839deb3fb9deb87b71adaaca040000a6bdeb8bbb00cceefdeb8fafcbe5f23fcc8bf9b266bf288a82c1a121a4d269442261783cc63d253206b44e8ea275b2c5769bab905aafff7131feac00e1eb75e75c6dfa6a7f76d232398ad7778ebd4582b8eb0df0e597ebbeedad565c91214dd0007ee4c279b878f1f88b2efee5a59df8f3b35bc7fcb99deb3fb3d9ba1318edaa6ade0218cb8cf77ce98e9357fe7b3410aafb9cdbed1e2ab77c3e9fc7c183fd3878f02072b98abe634a6a10075e5438ff60e49c6b2ea4c6bf7c7367348cfb7325398cfc164dab871b22bff9b90957c19b37a371c2e3d47afd4979aa3e011835ebbd5ffae59c95ff51af2511e8efa744801863b4e18f2e5ebd2476ee358f991d4fa5e83d27bd75720cd1d0f873be33cf3f042e5ae71ae6f92cd22f3c3cee67eac37ecc6c9eb887acd6eb5f510cd67a9549859a490046512240acc4ee0dbf2038344dd250647d3780620c38ff9469e39f331547f2d1dbadf14a1ce71879f476f07462dc8f9d376f6a4973566abdfe95c4386c3f2fa7e612805194081033d9bde11fe510044d4f41b2013b402e3ba3052ec7f8b736b1631352ebef37b711e41ca9a7ee9b70574a9743c0b23216d1aaf5fa570a07c69e6c6213359b008ca244805452b534fca39c2e478f96f2625ef5e29d638a867cb860e1cc093f977b7d3d461efc0978beb2afa002c56eefc49f7f8c5c099bdf5c78daccb25e55adf5fa570cc3ab6687a055cd2700a328112046aab6867f14131c2f6a299fcf1b338c7ae9057311f24dbcb093d8b109c3bffa37645f7b0adc80de88637145466ed3df317cc7d7277cf2058a2b54ae5c3aa7ecf3d47afd2b81716efb49ba161b55b18eceb53ffeac94cf7d471445550b747b3c1e84c36178bd16cc5c49c570e045cef90faaa9d13fda9ec76e9b12cf0dec55db93cc040153a74c316449e057b7efc32f1fde58f2e71da1285cb34f877bf64238228d10eaeac15cda169fe1521ecac82094f800f21d9b2175bc59d69ef7ff7ac9d9aa97a7aef5fa1b2cab38f39363675e3ffee4058ba304600294081035aabde13fdace477ed09bcbe7a7ab2d5f5f5f8f4020a0674847ac59b7194fbfd16dc8b18db662512bae58a16dd19e5aafbf5138705f74f1ea5566c7a1150d014c8086064839aab5ab7f3c2e8feb7a2d4f12232309a8d9bba31457ac588045274d36e4d8463a6d76333ebeec14cdc7a9f5fa1b447672e17b6607a107ea012813f50890e3a9a527fee3d9f9d84ddb72d9aceac1da582c86a041cb6e4b0519bf7878233675f419727cbd9d7ee2647cf65fced46d4bea5aafbffef8af228baff9b4d951e8811200952811200035fca3bad6df31293732b0bb5028a8da5291090ccd939ae17219b3e39bac2878e0e9b7b0fef52e438eaf97158b5a71d9f25321e83c27a2d6ebaf1b864e49924fb7d296dc5a58f4b76c1f6d7ffcb6a6becbe9d3550f9d120b882c5e4dd7d0619d6b6fbd4cee1bb8bf6ecf2116184ac2952dbee227f9dc48c742484c6d407e9cd7b9dc2e379a264d8260d056dc00b071fb3eac59d786918cb51671abf37b70d5bb171a3ee1add6eb3f116168048e1dbd70ec1f004b6500003ce8877c42230a27cf4829f58125d173aead9a2db9e9e6a5d18e8deb8f9f00280a78210788494843bde072e1b81fb35402e0f402ee10e0f2024ce7ee372e0352f1f781820de642080ec0530738bc80c305b0e34f9789ccb990ae2100fc231f714b75d2ad60fc331863cd36ce18e2d31ad07fd254f0311a798fc783a6c62630039380744ec443cf6fc7b39b7a2069dc6d522b9743c085a7cdc4caa57310f0aaea3c295badd7ffb86405ee97df82737bd7d8eb533328007ee98abb6e607ffa93fe0b5898806e5e1ab5b5b54dd803c01883dbc1c032fd90f66f869cfb47ef91e90980270c44a6038166c06dcc4cec7f22a680541f90d80de4c7debab5e29c5e203405a89b0278236336fa478b4422357f0df18f7cc42d85a5b500de59cae7d3f521ec3d7df6984980cbed426343239c4e63372b8da77278fa8d6ebcf8d66e0c8d5476319cfab01fe7cd9b8a658b5a4d5be4a6d6eb7f84acc0f3e40638f61f2ab5c4d3ae84eb7dd59004d4fccd4bab521280a3391c0eb8e524c4ee1720e733e62500de30d0381f08349973fe51a983c0c056206fe2ebb44e0f507f32109e517cf22f0325008078edca5f80e1b3e594199ede848373a68ef9734110108d4410306862e0d13807bafb86b1adf7107afae2383098c470328bbc24a3a0f109d9e910e0713910abf3a33916c4cce630e6cd68c2cce68865d6b6aff5fabb5f6c83735bd973237ee6bef3e12f18114f2559e44f605fe52600a35c4e271c43dbd1e4acf013301380c6b94074f6583db595c73930b40b38b4adf26b93874e009a4f031ceaba1f6b3d01c85f7bc9298cf14d00caca9c3863e839770ef2c1f177aef3783c8844c2f07868b22cd19f303402ef43cfa8b9efc89cc90b3d773cd66e445c9542eb0098442a14900f9f083455f05d57870b98be04889d689dc61f28c6527f12306d092018330bfcb8269d0a4c395b75e34f00c694eb5066e30f008c7384f74dbcac463e9fc7c183b48e06318673478fda870e0783f35a9dc3a9384a004cc4390762b38b4fa046737a80e94b019faab7162bc35f0fcc585a8cd568934f07a2b38c3f4fb5636cb9daa281c1d2877d68412d6204c7fe01f585395fa15f24e6a004c00a22338b4fc046717a8069e71767b55b9da7aed813e034b0cbb7614e71bc9f68c7a17a128b2b2b96fde8458900d1131bc968d901c9f637114a00aca2612ee06fd0ffb84e4fb1dbdf0e8dff284f0898769e313d018126a0e164fd8f5bbb544fda101425494b6c13338c2ed90d59cea83e083368fdea0aa204c02a1803262d2ce9d5b3928d3ef9bb43fa1db3528ce809604271dc9fe6beea87618feab21cbb69af0d5249ffb45787c6efaf8ea1998212002bf1848068ab3ec7b2e393ffb1f4ee0988cdb2673264650a9e525d9663dde87f5222408c34e6265d3a7d7fed8a1200ab693859fb53ef68e35f0d8d9da7ae5817ad4980cb5f7cd79fe88a83dd0940cd38aacc157ed7b1ff272502444f13edcea9f7f7d76e2801b01ac1557c35adcc05698ea8a6c67f943ba42d09109cc094b38aff26baf2dcf5d05b60b8adfc92fc179ebb1fd93ad64f2911205a94ba2db751df5fbba004c08a7cb1628357eefbe9ee40f155bf6a6afc47b943c539012e7f79e59cdee2efd21b35262e0257dc750380a7cb28b2de254cfa6a291fa4448094a3d486ff68467e7fad8e664369a47625c051e32e055cc81697c94decc5b893ad0507109e5e5cdab7da9f721509e8df0a8cec0694f17aee18503715689a6fe82b85b5be12e0a8c3fb01dc0ce0b3187b612019e0bf700993beca7efd6b49cd79681b6e723c5ab7e5aed4f7d76ae8e6a591a109c02831098cec03320380982eeeacc71cc5f5fc7df5c577da2bb1788e95147240bc17c80d01b9c43f7e27ee00e06f2c6ee853819e104a00de2e7fdd07e63338af3dbc48caccc3ff770f38d67185dfa557b729250204d0def01fab52df5faba09b97465bb66ce15cc3faf5d3a64d03337b595e3105a40f02e943c5ff2ee48a4fda7a125cc56d86dda1e28a7f95dc7dd0288a8c48ac9eae2113b5fdf1dbc627e0c4b2228b57d3f5a74195f7171b8f31062d0900e7dcbc0420d557dc84273368fcb91409c84b403e0924f703d852ecbda83f1108361b7f7e23702d8b88114288b92801d0486bdbad2579502d3f02f46d06b21568f8c7931d04f60e167b04269d567cefdf4e9482d911109b92a50c32f16e00803fd20a876bfc5d11abedfcc41a2801d048604cd54ba4a3144581c3a1f2953f3546f600073659ebe9353308f4fcbdb82952789ad9d1948c718d9ba513cd18d3b683b4193d70073bd6e2c0d6ff837278988d39dc9832ef5234cd7a4f65cebf6b2d0e6c33effc3a52bf8c2f0140af016a26685c0f5a512ad8860cee04f6bf6eadc67f14978103af1787246c4291250bfe226b8bc0044d179052e11eb8a1bd2f61df5b7f38d2f802009745ecddf27becdffaa0e1e7dfbff5cfd8d77efcf30fef7bc5f0f3eb2c697600764709804602d3d69aca7285da90c4eee22b8556d7df0e8cec353b8ad2c8f9bcd921d43ac61c9a2e205ec9041cc040d7fa317fd6b7f331439380fd5bff8cbe9d7f19f3e7039d63c76651940068440980464e143475434952055e275564a0ff2de3cfa397fe2dd6eca5380693b287cc8ea1d63904a6e9faab58027e5836b16fdc9ff7ed7c0cfbb7e99f04ecdffaa7711b7f00c8266d9278ff83ed02b61a4a0034723179fc2b7a02854205269225f701b268fc79f452c803c9036647313139d7657608b58e39843e2de5a54265d773f1f8275eb6a06fc763d8d7fe07ddce7960dbffa16fe7e3137eceed33603b7263ed343b00bba3044023879cdda2a57c4512807cc2f873e82d67fd98b998d1f4b727da399c8e4e2de50b5265dfe4889c7066499f3bb86b2df6bdf507cdaf18efddf27b1cd8f16889b12d527d2e93d867c290455102a091534a3ea4a57c458600b81d27ab5b3d660e9e49a8df4a94e882398467b49417c5caf68c4d3af9830836cc29e9b3073bd6a2eb959f402e64cb3e8f2c65d1f5ca8fd1dff9d7923e1f6a988b4927bdbfecf3988973fe9ad931d81d25001ae5d2c9475c4ef5aff1298a627c12e0b0e132c1568f3937c2d3a2fc37b3c3a875591efa8d96f2f97c5edb6b3c65120427669ffb15841ae796f4f944df266c7dfa3f71a8e7efe025cc8be18a8ca1dd2f62db33df40a26f7349e708d69f8459e77e11829df61161c8a778c076af2d580d2da3a883ae1d5b92a93c0faa2d1f8d46110a19b8084e6610d8fdbc71c737c28c0b8abb225ad5c8ee3d91e90b681d590bd8f1d0f7e379490cab2d3f69d224783c954d3895421e1d2fdf8ad4a1ed259771fbeb116e3e0d759316c2e36f82db1f010088d961e453fd1839d88678df9b90b2a56f9a186a988b59e77e1942b93b8f9aefef91c5ab2f323b08bbb351ca675d2e9e7b05f02c535b3e97cb199b00f8eb8bcbee9abdf25fa9fcf5d66efc01209f5a677608a4c8e976bf9097c48bd596cf6633154f0004a707b3cffd0a3a5fbe15c9816d259511338318e87a1a035de5ec5c3bb6234ffef66bfcc139d365f39f5a4743003a7048a9ffd0b29a583e9f377e49e0e605f6d82a58700293169a1dc5f8b8022993b8c9ec30489183f16f68e9ca4ca733151d06182538dc98b5f8cb250f07e829587f12669ff715080e5bee86a8c81cfabd2651c3680840273bb6b54b794956ddc256a41b323b0cec7dc9baaf043a3dc0d4c580376a7624e3cbc6872393675abc8ba2b66c7ff8fb43a228aafee234354d82d76bcebc134516d1fdeacf9138d85691f3859b4f43cb599fb5e593ff61eb238b57af303b886a403d003a710bfc252de5d3e9b45ea18ccd17055a97030d73004f186015dc83602ccc518ca5610ed0b2ccfa8d3f002ea57e67760ce4eddc6ed75d5acaa752e62d2a2738dc685dfc4534b4183fa4ddd8b20cade77cdece8d3f38e3bf303b866a413d003ae9eada3a239d967bd476e50b82802953a698b73530290957642e38320de1f0b4d2675a11c3f1676e746e8b7b52054952f718cf80c9cd93e172b9748eac3cc3fb5ec19ecdbf4541d4f781c0e90e62dac2ab119d7296aec735c1f6f0393df319bbd1eaef09db02f500e8a4b5755eafc7ed54dd28288a826cb6fcf77d4965b142e6156afcad875d7463c1e376dfa7fa001c181919d1312275a253cec1bce53f4063cb325d5ecb1304279a5a9763def21f5443e30fcef0bfd4f8eb8712001db9dcde9f6b295f916100a2097306fec7ec18c8f1b5fa939f76ba5daa2fa274260d316ffefc98e2d3fa2acc7fd7cd683ee9fd70fbebcb3e86db578fe6933f80f9efba1953175c09a73b6040a415f746a4d77fbfd9415413ea6fd611e75cd8be7d5b56920aaa07d8264f36bf1b928c4191bbc3d1d86cc6183d815854efda1f5d9d48a5ee513baddfed71a3b9a9d95a7746ce918ef72035b81de9a12ee4d307216587a0148a9b510a4e0f5cbe18bcc149f0475b11aa9f037f6426505dc3890a033f3fbcf89a97cd0ea49a54d537c40ababbbb6f4b26939f565b3e1008a0bebefc8c9f188f317659381cfebdd97190f1ed7aec875bb3d99cea77eb62b1188241d5eb7a1143f05f45165fa3fabe4a8e8f86007496c964bee8743a55afed9bc9642ab33f002957675d5ddd9fcc0e824c8cb943173a5daebcdaf2c3f161ba062d8401ed19a7f815b3e3a8469400e86cfefcf9a2dbed7e406d79ce399249f35e4922c7c739ff1fc65865378f27aacc7ef767fa5d3ecfc7d4be51c3158e43870e19bf381729454e06bbfc8433afcf981d4835a204c000f97cfe3a97cba57a4a7f3a9da627106b79231289ac313b0852ba13dff39547fcc1e0ffaa1de3942409870e0d9ab24220394201d8aad8e2ab2bb342520da204c000f3e7cf17038180ea2e2bce398686e84d338b500441f8577afab79f59effdf2ff0b0443aa678d67b3190c0fd3756816c6f997228baffeb3d97154334a000c327dfaf4db7d3edf2eb5e5f3f93cbd16680d77d5d5d5695ae59198a7f57d5fbed2eff7abde3d27954c219148e819122901e3f846f8dc6b7e66761cd58e120003399dce0f0a82a0ba17311e8f4351e88d33131d1204e1eb660741b499fdfeaf2e0f04034fa82d9f4824108fc7f50c898c8301df0a9fbb9ad6dba8004a000cd4d2d2b23d140a7d476d795996313868932d7cab0fe79c7fb2aeae8efe005560d6fb6eb8584b123032324249400530e05be1c5abbf6d761cb582120083cd9831e35b3e9fef4db5e5b3d92cbd15608e5ba2d1e823660741f4434980b551e35f7994005440201058e276bb55b7e2f1781cf9bcead79a49f95e0d87c3ff697610447f9404581335fee6a004a0024e38e1848cdbed7ebfc3e15035a0cf39c7e0e020649926a25740bfa2281f618c99bf283c31042501d6428dbf792801a890d6d6d6e782c1e06ab593020b8502060606687112632501bc37168bed363b10622c4a02ac811a7f73510250413366cc58e3f7fbbfa6b6bc288a9404184704f0e14824f286d98190caa024c05cd4f89b8f12800a6b6d6dbd25180caade363897cbd12241fa53005c158944d6991d08a92c4a02cc418dbf3550026082d6d6d6cf0783c19bd4964fa7d3d413a01f913176452412f983d981107350125059d4f85b076d076ca2aeaeae1bd2e9f44d9c73557f07afd78bc6c646a8ddf48420c518fb70381c7ed2ec4088f93a9fb8e5f1742afd3eb5e5ebeaea108944f40ca9ea50e36f2dd47298acb7b777552a95ba47966555bd316eb71b8d8d8d70381c7a8756ed0e02b8381289bc6e7620c43a2809300e35fed643098005ecddbb777132995c274952484d7987c381868606783c1ebd43ab561b017c2c1289749b1d08b11e4a02f4478dbf3551026011ddddddde42a1f0d76c36fb0e35e51963a8abab43381cd63bb46ac239e73f8b44225fa3f7fcc9783afe72f3fa4c26b34c6df9705d18e1085d8bc0e8c63eb4b6bf15510260319d9d9ddfcb66b3ffa1288aaabf8dcfe7437d7d3d0481e6771ee390a2289f88c5628f991d08b187ce276eb92b934a7f42ed54db402088587d14ac766fb332383e1f3977f56d6607428eaf66bf9956d6d3d3d3228ae243b95c6ea19af28220201c0e23145235a2506d38e7fc3ea7d3794328141a303b18622f5d4fdc72533a9d22294a150000200049444154feaada176efc7e3feaebeb6b71a26e8673be2a7aee35ff677620646c35f7adb493aeaeae2b73b9dced854221a0a6bcdbed462c1683dbedd63b34bbd82408c2e7eaeaea36981d08b1af9eb5b7bc2f9bcd3f28150a5e35e55d4e171a1a1be072b9f40ecdaab62b0aff68ecbc6bb6981d08191f250016d7dddded05f0cb6c367b65a15028fb0ec21883dfef475d5d5d2ddd807671cebf178944d630c6680305a2d98e676e6e1052ca73d96c6eae9af28c3144a351048341bd43b31205e077649ce2574e38f3fa8cd9c19089510260139c73676767e7b70a92f4555192543d89f87c3e84c3e1eaed11e0721787f0df9148e4778cb182d9e190ead3bbee27abb2e9cc2f454952d592bbdd6e44635178dc55f6c60ec39b82acfc6bdd799fa0de361ba104c06638e7424f57d737a582f8afb9bc54afe6183e9f0f8140003e9fcffe63935ce190d2af304fdd77eaeaead632c668794462a8f63ffed1ed09ecf985288aab0a9254764bce00f88341d4d585e072dabe576e1b67f87ee4ec9efb18bb51d56ea7c43c36bffbd7b6aeaead3378fc604fc1db0851e6652f0d2c08027c3e1f82c120dc6eb77d9201cea1a407903eb01da11317c6229119c36687446a0f7fe646e7ce8457e21c100b22506eeac9009fd787502804afc76b9bbb310790cfe5904ca530fbe294831a7efbb2c9578e8ca5ed8fdfe600e0f4f8e16b9e038426230f2fc4427943df8c31783c1e78bd5e78bd5eeb0d134869c8237dc80deec1c8810e48f9e210e3828f7e93bec3c434a3d79fe070c0e5748173059228969d0b381c0ef8fd7ef8fd3eb83d5ecbdd9839e710c53c32991c32993464b9787fa1ebcfde9c660740f451c86790ec2dee64cb18832f18862b3c05cc1f83e20a4116dc2870011c0c9c030a2ff6188cf61a70ce91cbe590cbe58e1cc3e572c1e572c1e974c2e572c1e17040100430c68efc5b73af015700a5002812a0c8e0b2044819c8b911c89938f2a921e4460e219f49d1e647c4b2145946fe70a3c81883dbe582c0183818144586c2157005e05c39eef75896652493492493c9c3c9b81b6eb71b4ea7ebc8b5c70406810986f5d471ce0fc7c921cb32244982542840144588f93c5d7f558812802ac4394736194736a97e87320e403cfc0f21a474c5a765f5574e3119cf2397cbeb181521ff8c968b238410426a102500841042480da20480104208a94194001042082135881200420821a406510240082184d4204a00082184901a44090021841052832801208410426a102500841042480da20480104208a94194001042082135881200420821a406510240082184d4204a00082184901ae4343b806a77fafa3fcecb8bb94f288ab24896955699cb0d5014b7a27087c215063e7e794170c0ebf5c0e572c1e972c1e574421084e23f8ca1f1e9c73170d20995a98cc534741ec09297ff32c16f90d4b26983877051db16b41e388086a12104924908b20c1464802be07cfcaf8fc3e180c753bcfe5c4e279c2ed791eb8f31865cfa21f4062ea9506dac657af251889f5ca9f5fa9300a400c4010c03d8c138dbae08bcdded60cfb3db1fead71c28191325000698bff6deabe582f205492acc1b1c3ae42db7bcdbe386dfe787cfeb83cbed1af7b3f53d7d005073494043e70134741e002e323b12623517b5b7e33dafbe8aa60307c072b97ffaf9442d96dbed813fe087cfeb85cb35fef5e76b7c132d87f2e8f67d146035d2a1ca15cc4c3f08efa42d00a66a3d9a0b40f4f03f2d00cee08c8371402a702e7e72653b38d6812b0fb87ff3e86b5a4f46de8e12009d2c7cecde29a280dbf3627e453299f6945b9e090282c1208281c084379d63d55a1270a4f127e4b0fa6412d73df924e6ecdc01e4f2659717184330184420182cfbfaf3346cc5acc1fbd0edbd020a73947d6e3b11b88c999907e06eda5989d33100a780e11430e12be2752bb73285dfede4fc57ec378f262b1140b5a30440a3539ef8fdac8292fb4d22975daa280a2bb7bc20080885420885421004f54f10b5920450e34f8e36399ec0f58fff052dbb3ac015b9ecf282202054174228a8edfa73d577a075f0b7e8f2ad8252a5b75581cb68c9de0f576387390170cce38cdd2431f6fff29f5cf953b74bfa09bbedf1617382a90ed5f94dad04ce85797f5d735b3a9df8a4acc8aaee1c8140009168040e419fa7866a4f02a8f127a30445c1754fadc3792fbf022ecb1376eb1f4fc01f4024a6dff5e7acef46ebf06fd0e5be060a2baf17c1ea04a58059e2bd7034f49a1d0a004419f02d49727d5ebc6ee5b75d534efb19bbf146c5eca0eca84606adf4356fed3dcb663d7c573c954c7d4a4de3ef743a31a97912eaebeb75bbf98caaefe943e3cefdba1ed30aa8f127a316ecde8d3b6ebe19e7beb8015c2effa9dfe97462d2a449a86fd0fffa7346f76256e10e38e57f9e7b60574e398f59853be18859a2f13f5a0c1c3f96f6bef95cee532b67991d8c1d510250a6f97f5df3fd4c3aff9424892135e57d7e1f9a9b9be171973d4da064d5960450e34f465df9ecb3b8e1eedfc0914aa92a7fe4faf31877fd39c27d6851ee8453ce18768e4a71ca39b4c877c111b1f2fd849d2f2878337fdd251f373b12bba12180523d73a3734e72faabc991e4e9aaca33201a89221452953794ad5a8603a8f12700e05438fee79ebbd1dcd3a3aabb1f6088462315bbfe1ce17eb4267f8d9ec2b5109d9539a7dedc853466f2bb20440e991d4a29428cf307c46b579ee59a76dad76848a034d4035082f9cffc317872727a47269753ddf8d7c7ea2b76f31965f79e006afc0900784509b7def64b34f7f4a82acfc0d0501fabf8f5278486d022fc0a1e71a8a2e7d583578aa345f81584b02d1aff7f60f88ab477d31afea94f55d7240c8350023081f9cffc31981f19e9cae67233541d80014d0d4d0804023a47561abb2601d4f813a0d8f8fff8173f47e8e04155e519181a1a1be137e9fa63c111cc74df05af689f86d42b0e6186f32eb060dcec50d4ba5ce4071fa224606294008c8773411a496f12f362a3da43d4c7eae1f595bd1690aeec960450e34f80e24cff1fdc7927bcc3eadff48ad5c7e033f9fa63fe24667aee843fd7676a1ca5f049fd98e9be132c90303b144d1867174b4affbdfcc61ba98d1b07fd72c631e7b1bb5fcbe5b3aa679746a351d39efc8f659724801a7f32ea7bf7dc83709ffaef8295ae3ff8329816f80d82f9dd664732a6406e1f6678ee02fcea26585ad065e2becd3f303b082ba304600c73d7fef647aac7fc01f8fdfe8a8f394ea49804ec333b8c313574eee7d4f81300b8fa6fcfa81ef307ac79fd314f0e5302bf4538db697628ff2494edc1d4e03d80376b7628ba629c7f35ffc99597991d87555102701cf3fff2878b32e9cc97d496773a9d88c5627a86a49bfa9e8368b0604f40b1f1ef2b7b2545527d4ed9b31bef7cee59d5e5ad7cfd31b788e6f0ef10c9ec303b9423c2994e9c50771f98bbfc2594ed8001b7e53ef1a156b3e3b0224a008ec5b99093928f7015cbfa8eaa6fa8d7b4aca8d11a7afad0b86b9f6576d1a3c69f8c1214055f7ee0f7e08afab7b8eaebad7dfd31a784e6c81f104bbf65762888a5b76172e47efcfff6ee3c4a8eeabe17f8f7d6d6ddd3b36834333d33da171b6c09e31864561383c121d60218c7388e31f020388fe018de8bf1e125bc4421093638f1c97b247e011990842120194ba00d306081041824811d1018218d4612b34a6899b5bbabbbeefba3a5893c6899ae5bddd555f5fd9cc321c1dc5b3f3874ffbe5d75ef2d6166fd2ea594ea342dbf5816de2d4047a9dc4f894f66af7df821b787fc004075b2baa487fc78a561678f68dcd6e9fb5ed906367f3aca4debd6b93ee40700aaab93253de4c733460ea9869fa171608b6f25340efe06a986658091f3ad8632bac0bee1cbd7f85d44a5610038ca696b1f9b39383c74b5dbf19aa6a16edc382f4b2aa9c6f66ecdcf10307e47a76c62f3a7c35a0f1ec2599bddbff155d334d4d5d57b585189690e1a1b572135f07ad92fddd4ff061a1b56005af14729079690f7c8ebae08ce17741930001cc576861f721cc7f5bf93da9a5ae87ab0fe9536b6776b0def7796fd5b60fcf62e27c5e64f47f9b335ab5c9ded7f444d003f7fd01c8c6f5a8396fe0d65bb64f3c02b68483d0968bedf002cb7544e17dff1bb884a12b04f4be97c7ad592899974e6736ec70b4d43754db59725954dd3ce6e7dfcb6ceb2dd071cbfbd3b976aebe27f7b34a2a1bf1fd3df77bf3a5e13023501fdfc41488c4bfd0213079e2bf9a526f4af477dea194054cc12a0b29242de22afbfacb2b687f8885fc2876535fcbba3b0f0afbababaa2171e9d4caabddb18bfadb3e42b81c6ede8b2536d9d7c0705fd8e1b9f7906d271ffeb3fe89f3f08a0a6e9254cea7fa6649798d8ff3c6a532f002edfa61012e373ba7ea3df45548a007f62bc95cd642f51195f5d5521078e2848b5775bf5250c01e3b677655b7674f1784efa8853b76d531a9fac0ee8afffa309a0baf9654c1d58e1f9d49307d6a1a6f945ae830720216ff0bb864ac1000060f6ba25d7da39dbf579a156cc826985a3af35b7775b75ef777abe21b86e7b57a6a5adcbf27a5e0abe8bb66e8548a75d8fb7ac184c331c9f3f0048a4dec4d4812700e9cd33fa29034f22997ad593b942416256f686cb5c1ff216260c0000f2394769614855a2caab522a42ebceeed8b86d9d9ebdccbc767bf7706b5b5700f666911ffef075b555f055c9707dfe002091fa0da60f3d0eb5dbf512d30696a12ae5df56c34a2535fd4ffcaea112300000c8daf66c95f18944c2ab522a464b7b7755ddb62ee51050bbbd7b68425b67f8fe0591679abbd48e7f4ec4fd7dd94fa9c49adec5cca1a5d064f16b233499c78ca147104ff97fd8502512522a3df20d8bc80780cf3cb76c562e9773fdeb54d3f450dd7e3c5a6b7b5755edb62ed7a7b2546fef1e98d0d619be9f67e499c91fee03146effeb7a783f7f006036eec0cccc83d09cb12fcdd190c38cf412588d6aeb2a42eed3f25b0b1afd2ec26f910f00996cfa7a95f1f178b8ef6c4f68efaaaed9d655f4bb41ab77741f9ad4d619829559544a17fde75b4ae30371ea9f227dfc1eccb01f823e8610a0393666a61f82d1d05efac2824d641de3f7fd2ec26f910f004e3e3f47657c987f7d1c31b1bdab2e594408486eef39386947675d296ba27098ae78fb3f0a9f3f0030ea3b3023bf0846fef86feb339c3466da3f813e7e4f192b0b2e0d52e9d16f18443e00e41d395d65bc11912fa0c9ed5d75896d3dfb4ff6f725b6f77c38b9ad83c76dd29834ed3fe97f5227641ad1395242afebc10cdc0f2bf7d1a772667e0833f28ba0d7f375da6325214ff5bb06bf453e00384e5ee9395094be80a6b6778c4fbcd7dd7bbcff3dbea3a7776a5b4743396ba260ab5278f10f109d007e8456f321a6894588e5fa46fe5a2c3780e97211b4babd3e561644e214bf2bf01b0380e328ed4d0fdcd9e38aa6eeea4cc5b7f57c2404c4b6f7f44cdbd191f2a3260a2eddb6d5c647ecf307005acd014cd3ef47ccfe1071fb20a669f743abfdd0efb28228f28b00a3f3f3f538a494baca7821a2f70534adbd23b503a2cb3e25d50a00c6f69ecee96d1d13fcae8b0248e1f85f209a9f3f0010c93e4ced5a59f8bf5b0ffa5c4d6045fe9d00910f008e747ffe3f006811fd029ad9fe41eb0e477e903784f3b1b68e297ed7430195573b975e68113cdb763801bc330bda07930be704b5b4029f7a0b480efa5d59d03000f85d80ef54df8b11c1ef1f0078bbb9194b4e3b7d525637704d5ae2ccce0ebf4ba200928a1f4011a50f60d602deff38b0632670f45bcbbb5b80de14306537f0c9778198e727798755f8f7909e04030015e5ede6662c39f30c6c993071e4afdd36f74bf8544f0faed9f206830091d7f23ad03603d8760a601f67d1a3a301edd3803d9380193b8153df038cb2bde19b028a0180c6e4588dff686f3537330810794a001d1380adb381a1311ea899370a7709f64c063ef15b60ea2e4044faf5bf74020c007442276bfca331081079606f13f0f669c02197e769a5e3c0af7faff0b8e013bf0526f273481fc50040c7546ce31f8d4180c88503e380776617028017fa6b804d9f2d0481d95b81066e17a4ffc20040bf43b5f18fc620403406c309e0bd5381f6a928c9cae2fde3818d1700133a8059ef70c700016000a0c3bc6efca33108101dc39195fd6d330a8bfd4a4902e8980874b572c70001600088bc5237fed11804885058b5bf733af0db4f1c7f657f29af7d64c7c0c7b703a7bc0f686a0732513031004454b91bff680c02144d2e56f6974ade280490f669dc3110510c0011e377e31f8d4180224375657fa970c7406431004444a535fed1180428b4fa6b0abff8bb5bfcaee4c48eec18689f069cb615a8e33b06c28e0120e42abdf18fc62040a1716465ffaea9800cd091c57b9b80f51772c7400430008454d01aff680c021458b65938b6b71c2bfb4b853b06228101206482def8476310a0c0703460f714e0dd4f029990bc67e6c88e818e89c029db80996ddc3110220c002111b6c63f1a8300552c09a0736265acec2f15db2cfcf3b5cd28bc68883b0642810120e07ed3d282c573e6e0372d15bec0c8234782c0a7bbbb71dde6cd7e974351d79b2a34c64a5bd95f2ac389c28e819dd30b470b53a00568654a694c59f663a5183b65ca14af4aa100da78cefcc87f86546cff8333f8f923df583f5919e9cfafe67701444444547e0c0044444411c40040444414410c0044444411c40040444414410c0044444411c40040444414410c0044444411c40040444414410c0044444411c40040444414410c0044444411c40040444414417c1db0cf0ef51d521a5f571b91d7901295405f5f9fd2f8dada5a8f2a09267e7f051b0380cf0e1de40788c82f070f1e541a1ff900c0efaf40e323002222a20862002022228a2006002222a20862002022228a2006002222a20862002022228a20060022f28dae6b8edf35104515030011f92611b75aab93d52b745dcffb5d0b51d4300010916f5a56bcd2dbb2e2a52b93d5c9718964d58386aedb7ed74414150c0044e4bbd4f2f50313576cbcc1325ac65557573fca470344a5c70040441563c2aa55432d3f7fe91be3eaaa67261255bf12c2ef8a88c28b0180882a4efd63ebdb273eb9f1dc647ddd25a665f6f85d0f511831001051c56a79ec97cf4f5dfd5a4b3259f3435de36301222f31001051c56b5df1e2f79235d5a7c6ac589bdfb510850503001105426af9faed9357bf3a33994cfe48689af4bb1ea2a0630020a240695db1e12f6beb12734ccb3ce8772d444166f85d005180fdb3df058c2625b47dff810be0e00bb93c664989e98e836647a25a3a88e7f3b000082921e4e1dfd09a0679f8cf8e2690d50d0c5826f6c4aaf0ebb8855f6b405b0e7837360f3b854045fcf26e7a7cc31b9bcf3c3335a155fe4f29c55de08f19a2a2310010152f2d05fefbcb67cf5fe277219d8fe04c2d8fabf3795c98cb61e6cefb50ed3818f3e6392180980561c501cb806e5a48180612009a009c01000e0addd55e83feec6abc05814d52e2e55c1e2f272f476769fec94e6ece962d36b66cb93b77e397b73a523e0c609c5fb51005110300513124764b4d7ce5e5b3e76df6e3f2fb97a12e9bc5b7f336fec8ce61d6d02158c5ce6159403c5ef823162b848031aa01701e24ce13c02da60e6457e13d08ac13c0d38686f5622e32c5d6a3ca58b46275facfbe7296967756007276b9af4f14540c00446324a4d894778cf9af9c7b696f39afdbbd1449017ccfcee1ea83fb31bd985ff8479826904c16fed0750f8b133815c0a912b8d5767028bb064f6a12cbf4163c2be6a06cc7fac6ef7be27d79fd65e7da9af604802f96ebba4441c6e7664463f30b279fbbf895f3cbd7fc7b96e0928ec5d8984ee350ff00fe269dc68c629abfa601d5d5404b0bd0da0ad4d67adcfc3faa0e12d738c06abb1b7bb2abf07f324fa16cbfc8c5834ff59b89cc0200cbca754da2206300203a29b174d86899f7f2e72eef2fc7d57a97e23b7b1e404fff207e313c84f3733914d5b64d13686c04264e04c68f2fdcf2f7413304be2334bc9d5d8d8de955582065f1772e8a25ee5d97310f997f02e0ff95fa5a4441c74700442776dfc6b3e7de04214abafa5d4a683d4bf18f990c6ee91b40c2cd1c9605d4d502892aafab5376be26f094bd066f64d6e04e6b2e9e2ae56e02b17c791ec09f67fef48a5e01fc6da9ae431474bc0340747cf76d3c7b5ec99b7ff723b863f722f40f0ce2763b577cf38fc58054aa70abbf029bffd1ce10122bed3578dd5e8d4b4b7db1d84f562e9412ff50eaeb1005150300d1b195bcf9f73c824b773d809e8143f87b3b87a25bb7ae01f5f540737361457f80cc91c0d3d9d5f84566354e2be585620facfcdf52e09e525e8328a81800883e6a51299b7fdfa368ec5c8c4d0387f0b49d41aad8f14200353540eb84c29f03ec1201bc915983bbe532778f3dc6c25ab4f27648fcb854f31305150300d1ef5a630c27ffbc54cdbf67096edbdf8fcea121cc717301cb2adceaafaf2facf20f0153487ccfaec27fda6bf185525c4000d29cfc7b7f01c0f7839b882a4938be42883c20a4d8549530bfb6fea28b725ecf7d6005c6752cc6abfd83b8279787e9668e9a1aa0b9a5b0ca3f843e261d3c975d8dfbe4aae21f879c8c58b8d031b5d48d005ef07a6ea2a06200202a785f379db9cf7efad241af27ee598a2b0fed45f7f010ce71335e370a8bfceaeb51fa7d74fe1200be650bfcaa14e70788fbefb74d697e1512ef7b3d37511031001001038e8e2bd7cf59b0cfeb89bb97e0de81413c91cb21e6667ca20a686d09dc223f559f121a366557e35aaf27160f2cdf2f75fd32007c9320451e0300459d84c0f5af7c76fedb9e4e7a1fccce87b0656010df962e5713d4d6024d8da179d65fac0480c5d9d5f827b9d0dbefa9d8fd4ffc5638f81a00cf1ff510054934bf5a888e10b86be3d9f3977b3965ef32547798d831345c789b5ed12589c2097ee3f86e3b00f8cbdc1cfc4cfe129ede03311f5cf9ac80e4214114690c001465bfdc78d6e6bff172c29e47d19cee437b3a8dc96ec66b02686c2a9ce14f0512f8b23d88b5722d6abd9cd798f4991f98a6d9e7e59c4441c2004051751086bc0e62a1e3d5841f3e8ad9e941b465b36870335ed70babfc13d17ade3f5617d90e5e90cf147f6ec2f188850b1d2311fb9256e2931e892a1503004592006eda3867c16eafe6ebf929ceefebc79bb6ed6e0b9bae1756fa87748b9f57ceb46d6c1c5e87695e4d38f1672fbd128b27f8e2208a2406008a1c21b164c339f31ff36abe7d8fe21343437821ef727fbfa6014d4d6cfe63f4713d8fe7e41ab47835e18427377edbb22ccfc2205150300050d4f4c81cfe875793edfd0f4c181cc4967c0eae5ebaab69855ffe3ebdb237a866dac03372053c59262900a939c617755d78f63888280818002852a494b76cbc60fe012fe6dafb006a8607f196dbdbfe42147ef9b3f9bb2071ba6de2e772adbbf315469bb476e3b678aceadfbc988b28281800284a9e79f9dc058f7b31915c0823036ccd6631deed1ce3c7175ee54bae5d9493784c2e83eec5642d2b37dc6299d67e2fe6220a0206008a8a614d3837793559d754bc96ceb8dbea07140ef94926bdaa26baa4c415d924eef2622e01486158dff4622ea2206000a06810f8d14b675fb6d38ba9ba96e25fdd1ef20314b6f9f1901fef0889db326b70b917734d7ef2a5b5f1b8b5c58bb9882a1d0300859fc0deb81efba11753f52cc5954383b8d9ed78c3041a1abda8848e2284c403432bdddf91399a1633aed4748d0b0229f4180028f424e49dcfcdf9e221d579f62f43dd70068fb83ddb5f08a0b121b267fb975a836160b9dcec6e2be6d1262cdfb83b1e8f3fe9455144958c5f45146a02d89ed65beff362aee141bc94b3dd9f495f5bcb15ff257676b61b7fefc544b174cd75baaee7bd988ba852310050a849c8bbb6cc9963abced3b304b70d0fe374b7e32dab1000a8b404f03dfb297c5e759e8675ebfaac98f584173511552a06000a31b1e740cdf023aab3f43d8ac6a10cfed175150268185ff833959c901a7eecc5a380a14cee464de35d000a2f06000a2d299c7bb6cebe2aab3acf4016ebf239f70da5b60e3079ebbf9c66e57a70abea241f5ff75a9f655a6bbd2888a81231005058f538f9e1075427d9fb30e60d0f618edbf1ba01d4d6a85641c592120b87d760aaea3c56dcfc96d034be2d9042890180424902f7bd7ade55c3aaf3a4b37848e5dbbf7e5c746ffddb536e873d6da15f97af3224fe497592d4f2f5dd8978fc752f0a22aa340c0014467999170faa4ed2fd08eec864d0e476bc650155aede12107cf694db0b7f4cbad5b71020813fb257e162d5797453f7ece5514495840180424702ab5f397fde2ea53924446608b7abcc515faf323ab88e34ff91ffdfcf102070a7ea1ccdcb5f7cd532cd7d5ed4435449180028748423fe5d758e9ea5b8cbb6e1fab4fe44229a2ffa19ddfc47feba7f21e03c7b352e509d44b78cc51ed44254511800286c3ed878eea6675527c964718bcaf828eef93f5ef31ff9df7d0a018ec01daa739807ccbfe362400a1b06000a172196412c543ac7bd67096eb36d24dc8eb7ace8fdfa3f59f31ff9fb7c080142e20fb24fe1b32a73a4d6af1f88c5625bbdaa89a812300050a888bcf3b8ea1cd91c6e53191fb56d7f636dfe237fbf1f2140c75fa9ce615ac6bd5ed44254291800284c766e3877fe2695097a96e0129595ffba012422b4f2bfd8e63f32aecc21404a5c9e5e8b992a73a4f0e2033a4f06a4106100a0f090623984507a4e9b77f00f2ae36baaa3b3efdf6df31f195fde10208483eb9526588ebc6119ef78551091df180028449c752aa3f72c43229d517b569c74bd6f2058549bffc83ce50d01d7abbe23c03274be208842830180c262b0e680feaaca045606ffcb71dc7f26e23140d7552a0806af9affc87c650a010268c9f5a81d0c94b78d7f1351b9c543a1c70040e120c40bebe6cecda84c61dbf886caf8283cfbf7baf98fcc5ba6102025bea6327ec2aaf5fb2ccbfcd0ab7a88fcc40040a120e128edfddfbf0c75d92ca6abcc11f6637f4bd5fc47e62f4f08b8422e83d2bb190dd37ac5ab6288fcc40040a1a0e7b51755c667d3f80bc781eb7bbbf178b86fff97baf98f5ca7f421605cae0abfaf328106b1dcab6288fcc4004061d0dffcc1a0d2eaec7c1e5f51199f707d6c50e52b57f31fb95e89438004fe5065fcd0fe5dcb23b3d583428d0180c260f3f2abae52da9f6de7304b657c584ffe2b77f31fb96e6943c09754064f5fdf9e360da3dfab6288fcc2004021205f5319ddf908ceccd9ee9f0b6b5ae1f85fafd9536ef7ed2d7a23d7f7a1f98f70d2a59a79967c1aad2a1318bab1d3ab6288fc62f85d00912a2985d2e97f5a0edf54195f8a5fffa39bafd9bed0fb8b1471fd723377ff00e6ee1f949b4d2bc900000bb1494441546cfe6c1ee70170bda75f37f44d004ef7ae22a2f2e31d000a3c474aa5e7ffb93c2e54196f791c004637df721f9b1bf6e60f0042e27ca5f1a6bed6ab5a88fcc200404197ebab1b6e5399209fc70c95f1310f6fff1faff9962b0444a1f91f7696ca6079c07cc6ab4288fcc2004041b773ebecabb26e07cb65d0f37954ab14e0d51d809335df52878008357f00384d4af7db3e5b9e7d7650d3f59c970511951b0300059b94efa90cef19c2852afbff751dd03cd81136d6e65baa1010b1e60f0075e9b598a23281ae6b035e1543e40706000a36a1ed501aaee3f32ae30d0f96d116db7cbd0e01116cfe85eb0ab5ad9fbaa6f348600a3406000a3629bb5486e71dcc5619af1a00dc365faf4240549b3f00380ea6a98c179ae8f4a814225f300050a009881ea50924a6aa0c570900aacd57350444b9f90380946aef7e30745d69f12991df180028d01cc500e0386856196fba7cbbbc57cdd76d08887af3070021d4c29f90fa36af6a21f2030300059a2ed1ad32de7150a3325e73f10220af9b6fb12180cd7f4493ca60219cbd5e1542e40706000a363d775065b8e320ae32bed81d00a56abe630d016cfe47116850199e1379a5fff688fcc600408126754be9c078c781cb9bf805c5bc14aed4cdf7642180cdff7709a9160004c47eaf6a21f2030300055a2e8b8ce2144abbf8b5317e82cad57c8f1702d8fc3f4a02552ae335c90040c1c600408196b56ca53b002aa7c10163bb0350eee63b3a04b0f91f97d2198e8666f11c000a34be0d90026d46db70668bc27829d5ae7fb200e057f3b527dd3af23a5d36ffe3520a00e974625f759d57a510959f0787981205d7f61f4329024c9e7ce21050ee37f955920a6ffe0090b7e6f3471045171f0150a415b388ef584e7607c1fce05f60b62f54bb480005a0f903505e3f4214680c00146942a8dd0118cb2384a8858080347f800180228e0180224dd3e0a88c77c6383a2a212040cd1f0218f4bb06223f310050a409015b657c318b08c31e0282d4fc0140025cc54f91c60040912604d40e122af20142584340d09aff61fbfc2e80c84f0c0014699a860195f14ebef831610b01016dfe00ef0050c4310050a4691a94de2668bb7c8010961010e0e60f29d0ee770d447e6200a04813023b55c6e772eec7063d0404b9f90380900c00146d0c001469868e7754c6ab040020b82120e8cd1f500f7f4441c70040d1a6e10595e1aa0100085e080843f30700dbc656bf6b20f2130300455ae3d7b141d3dc1f0694cf17bf13e058821202c2d2fc011c4a5c8e0ffc2e82c84f0c00146942c0d10db59d00598fce93abf41010a2e60f006fa99e024914740c001479ba8e1d2ae33359af2aa9dc1010b2e60f00aff95d0091df180028f2341dbf5419efd51d80232a2d0484b0f9434abcec770d447e6300a0c893120fab8ccf94e09532951202c2d8fc01c0d2f0aadf3510f98d0180226fe2b578d330e1fa46bee300590f1f031ce17708086bf307b055cc43b7df4510f98d0180088061a89d07508abb00807f2120c4cd1f1258e7770d449580018008806560b9caf8e121af2af9a872878030377f00d0249ef6bb06a24ac00040044017f85795f300d299c29900a552ae1010f6e60fe0a0318c0d7e1741540918008800345c8d3e2b86369539864a781700287d088840f307809f8babdcaff7200a130600a2c36296da6e80520700a074212022cd1f42e271bf6b20aa140c0044870d6471b761c0f58dfc4c891f031ce17508884af39740b7d1aa76e60351983000101d36fdbf216d9ad8a432c7c0a057d59c985721202acdffb007c41cd87e174154291800888ea20bdca1327ea01f90653a615e350444acf94b093ce877114495840180e8282dd7e1f9581cbd6ec7e7f3c0f0b097159d98db1010b1e60f21b03a3e5f6d912751d83000108d6299b85b657c5f9f57958c4db121206acd1f0020f143bf4b20aa34c2ef02882ad1ae4518b46d54b91ddfdc0cc4625e567472f6a45b614f5b78c2bf2792cd1f78cd9a8f73fc2e82a8d2f00e00d1319871fc8bcaf872df05004e7e2720a2cd1f9ac49d7ed7405489780780e83876ff04fdd92caadd8e4fa58078dccb8ac6e6587702a2dafc21b0c99c8bb385707fca235158f10e00d1715826beaf32fee041af2a29cee83b01916dfe0084c0ed6cfe44c7c63b004427b0e741f464d248b91ddfd80854b95e49a0c69e723b0044b6f943e0716b1efed8ef32882a150300d109742fc6c583c378ceedde7edd0026b402829fb472ebcf497cb26a013afc2e84a852f11100d109b45c87e71371bce6767c3ee7cf82c0a813120bd9fc894e8c0180e8249279ccd50df747c8f61d026c1e405b4e5b8d56dceb771144958e0180e824eafe14fbab12b8dded7809e0c30fcb774470c43902b88967fe139d1c0300d118347f133f4a54e14db7e3b3593e0a280709fcc09c8f0d7ed74114040c004463143770a169c0f549ff7d7d8520402522f12bab050bfd2e832828180088c6a8e16af4c562f8baa6b9db572e25b06f1fe0385e574600f6e5747c95b7fe89c68e0180a8082dd7e2c96412f7b81d9fcb154200d703784a3ac00d5573f181df85100509772713b9d0b1189b868730c7edf8da1a605cbd8705459814f87e6c1efecaef3a8882867700885c985085731209b4bb1ddfd70f0c0c785850743d666dc21d7e17411444bc0340e452f73348663fc0ae6c060d6ec60b51786150b95f1b1c1a122f983ae68ab9c8f85d0a5110f10e00914b2d9762b0be1eb32c13836ec64b09ecddcb9d012e6d368771399b3f917b0c00440a6aae446fa20667e8065cb571c7017a7b19028ab4c3cc63beb80a7c8842a48001804851d31f635b5515bea0ebeeb6a0390eb0b717b01902c6e2fdbcc0c5e272f4f85d0851d0710d009147f63e8c5387d2d862db48ba19afeb853501a6e97565a1b1d934314f5c8a5ebf0b210a030600220f752f45cab6b1359341a39bf19a001a1a8144c2ebca02aeb0e0efcb622e78a03291471800883cd6bb0cd5d9016c4da731c5ed1cf5f5404d8d97550597007e6e24f10d7111d27ed74214265c0340e4b1d4551898b81b33ab1278cded1c070e00070f7a5955204929f07d6333becae64fe43dde01202aa1eea5f8ebe121dc9977dc85ed440218df00e8d18beafb34896b8d0558eb77214461c5004054625d3fc567b3693c676751eb66bcae15424084d605bc9ed7f1b5c497dc9fb4484427c7004054063b1f42dc049e4e0fe3f36ee7a8a901c68d2b9c2018521212f79aadf82edfea47547ae1fd2a21aa40dd8bf19d7416f7e472707500b065010d0da1dc2af896006e36e76383df8510450503005199ed7c08f184c0a343695ce138ee3e83c964e16d8221581b3024257e680de32e7195bbd31489c81d0600229f742cc167641e3f4ba731c3cd784d03eaea82bb5d504aac76809b130bb0dbef5a88a2880180c8673d0fe3bb990ceec86651e766bc650175e38044dcebca4a44e25742c75f9b73f182dfa510451903005185e8fd296ece64f0b7990c9adc8c374da0b6b6f078a042bdae49fc1db7f61155060600a20ab3f7617c3d9dc5dd990c26bb197f2408545555c48e0109e07947e2ffc6176095dfc510d17ff1ffeb81888ea96b09ce02b03093c617737918c58ed7b4420848268198ab3d07ee49a00bc052a961517c2e7694f7ea4434160c0044156ee7438827747c3797c735d92c3ee6e48bffdc9a662108249385b70e96c80108ac14128f1b493c2f2e42ae64572222650c004401d2bb0cd5c8e0663b87afda364e73739e8069164e158cc581784cf931c156004f0be06963082f712b1f517030001005d8fe2538ddd670753e878bed3c3e96cfa1a698b30584283c1e88c50ac1c03201dd386e283804e02d009b24b0d1cae36571397a3cfa4721a2326300200a99de47f13999c7458e83d95262ba23d1e2e451e34824e0c07464e1c544478282a6410a01a9010e046cddc0402c865db104de8c5b785308eccc01ef26e66197bfff644444444444444444444444444444444444444444444444444444444444444444444444444444444444444444444444444444444444444444444444444444444444444444444444444444444444444444444444444444444444444444444444444444444444444444444444444444444444444444444444444444444444444444546eff1f21e6c5cd5582a6a70000000049454e44ae426082);
INSERT INTO `healthcareprofessional` (`professionalId`, `userId`, `fname`, `lname`, `age`, `gender`, `doctorEmail`, `specialization`, `profile_picture`) VALUES
(3, 7, 'Lyn', 'Cap', 25, 'female', 'LynCap@gmail.com', 'Neurologist', 0x89504e470d0a1a0a0000000d494844520000007e0000007308060000005ebdb656000000017352474200aece1ce90000000467414d410000b18f0bfc61050000000970485973000012740000127401de661f78000014de49444154785eed5dfb6f1cd7753efb7e934bee92142951242552b4e4c871dd1a7592c27090a0428da68953182910c0f9a5ff87fb8704050ab405dc06501da3325cbbb5ead4b2d4ba8a1c5ab42d51125fe243125fbbe472b92ff67ce7debb33cb5d39b54489b39cf9c8b373e79c3b7387f7bbe7dcc7cc2c7d6fbef9e62e79701dfc7aebc165f08877293ce25d0a8f7897c223dea5f08877293ce25d0a8f7897c223dea5f08877293ce25d0a8f7897c223dea5f08877290e15f1bbbb44b5da2e552abb542ed7a854aad1ce4e958a90a2164e43b7c336e4415e1c8363dd8443753f7e9b89cde7cbb4912bd3e666990a854a9de06a55fd99fe005128e8a7482440f17890928920a53bc3d4910a5134ca4697a0ad89afd58889add2caca0eadadef507eb3221e6d3cb90a616faec19d59b0f1f97ce4e738e7f7fb2810f051901b4128e813d293c920757745289b8952241c907c87156d493c42f3e65685c92ed13a8b78f856994378ad45d86efef35a8575900cb293a920757684a92b1da6ee74441a031ac96143e095575ef91b9d763c40183c1c842f2c6ed3fcdd022d2e6dd31687747838ec8f423af2ed72f428576ab48506b5b643dbdb55aa546b1221821c1102013fa775f64380b60966423a87f1a5e5225dff629da66ee5a50118221b4947a2be2368b41b28a5d8b406c0fe2a937fe3668e3ebfbe464bdcb85076f3f1ed8bb6211e83b62f6ee46892495fdf284bdf0d086992c4871105636b244ce761a5d894b21162c3f8a046ab3c76f81d933ff9e53ae5f2259da1fde178e241cebdfb45ba792b478b8b0519bc997e1ca2a86ba4cfb2d9a195d6a6196c00e1c6867c28ab58ac70b7b2455f710458beb72dfa7687e389bfffa04873f35bb474af28fd2efa6255f1f8686400fa665294526c6aaf1962b708b703c761f650e0b217970a343dbb7928c8772cf1a8d81c8fd60de945ae78d1db3eedd84b849f4762a15080a769618a27a23c3a8f8924e251d1c186811b0e7c18878de7dce5865791a8333d9be76bb3c617ed08478eea51a1184cdd4078e7c11c3c5d5bf4d6c2decac7c01bf3f34838c853b328a53b93229d2c1da93825b811442298a2f9797ecfd3bf56ecb14a69f7d878b7ccb307ac0856780680397fbb8ef61de9f198b22d2d6fcb940dcbac8a008b047065c482ca13e2b978a63b450347b3bc4d533c1e63ef567371483018145d77a69306067aa89bf3c2fbcd29e4bcfa5c75d4f50af0fc39eef317970bd240db118e231e832984f83b339b7a0a6511d04c36008552c6e31126bb83521d090a31c120da78a3fd58b57a8715bb007570de6e3e26160bf359ac7309f431368d00d7846bbb3995a30d0ef9b8e67683e388c78a1c46f1eb1b5685da49b300050665ca86f09d421f9e600f67d2eb39b4ddc0e8149b880021eef755ff8f7398fc22c8d20065800dd786851e44a6fc6659dbdb078e221ea3e7b5b5928c9acd4d155472331a6d3edf2e25997084f0207b31d462d37693343afb3ebc3710c00d1bd56870aed650071a2b8ec55ac21287fbd5d59db6f37a47112fcbb11b3be2ed52c94d750985e5e50042396eb2c479b41e0e87945edbea499d900d671061a2541a3a3e4728c4e13e2acbb3d658cd1ca8f329650340fa0a7b3ed617da098e22fec14a913636cae2f95625ebca67312459507a782a3cdd40b4ca24a2f62da22d9da587423c3f16e3d664e9f4a619625377fe36d64b749fbba77682a3884798b7fa4b54b7aa72a9fc16b5af48abf1bc3cca83352bc48be087132046e5b36c96ced22352fb7db84f1fe17d6e7972861690fcb059562ce5aeac7ac47f63a0e2e5210a265d4d8f2c42204d10bdc95093e99a8f47f0b2ab8c2add20d019696df331f108f93827f6eb40d2e4931d1b7817613e972fab95c53d66a7c221c4ab291ce6ec18247d6de581005df9e61353338cd071208eb58be4dfa3573a23361bcec2e4abf343ec1b9db043ab3010c57a3ea6760d0dc6c17004f1e8d35169a5323c4d2b5ba0c9e3b0cf624237c235a23427555e63abeb945ee994ddae870eab7948a318d1e99f3a90d46292f8c46a1e9e026a97d1bd3388e70ac66dd70a13bf178a1c257b2115cf1fe572856a98fec9afc9af6c4a87b4a5373ad300b045e3c36dd87289c718d04b0e1bf4718d492b8525dc3cf7f5384f3bc0317d7c61bb42153d77071e46b6a96b63429ee2f6361fcbe4cb31ca668e573abbde221c91000e6abcbf52c153b845494bd7210528d11b91564a108f2781d4b1ce8763faf862fd7939254d6015d4b028abfee4cdd6d616470b543af6cd39944d4408669dcdbb655bd7f13e7f542a3c402b6cc931eae4f2ab4b02f49e4d6992aa9ff70677df0c5c597832f6a1fd23ab1b2d660f5ee9e3d1346ee614a95a31e41b518d4008e67d43b4e8987c6353a4e3797b2cc4605aa6aac594a2a0f76c4abb1de728979878bdef7438837846b5da6260c7fbd0596aa4f49e6c98781e8523cc6e6ee6b901148400b41f452a6f0dc1bc8373299d9d7c9056e38653a0c2d6268f1558c9e7548d8a8d461a3722754859dc7854c15ae96c3886780064a884aa3fb5874f236a63d9400fee870799f84d9e12e668873d5fc237c8c596330bc10d3a906de94aece55b9b391e676cf109837c4eddbf0328489767caac432ec4a66dcae05c388678730bb599700de8eb361bf818b56a17a04deeeb5756ee7323d89008d210daf940906d423b74d55a95c707395a5f5f916841bb7e3e17eeece14278a3cb6b2a532e84cf81a416349580040a5ba371309c413cd7553804cf45a599aad4e0a4d4b3deb5a00cb0912f407ef6540cb00a850213b94aeb6b0f68339f933ebbc27d3fc23904e99d9d6df6f00ddad858a17c6e4dc23ceeb4f984742ce0a8f29acadc43781dbc83862b8f736995d3e108e2115a2361bff2183b50cf3ad90865b0db7c209f89abedfa98fc6d5a5b5b61625785d87c7e5da2c0d6d6866c37793f975ba51cdbe1e9bbe2e92139c743899316d6e27ab402c4e335ac3671788710cf57811718f1fc9a54248b389732dba00cad6de82af0d44d98cf87dbb37e19ed238c3fb8bf40f796e76899e5c183056910980528c2c3ea183e16e76838af14a4cbc4aed22ad814b0e239bf44028da73d987704f1782236990cc9bdf0a60a369a87116eccda82b5f60013190844c82f12e57454d2013f1e8ec4beb141c2aae5d9610847528bc0ec6805ca34e586b8abc21bb7edf2a2a53388e7abc04b8aa83c0b5ca19ae9df47b8a97c0bec754ca6847f8cd2b90bc0165d81d957611de5d93c5413ae4fdd7856db4e53999cc4b5777545f8dc9ec7ffbf81f0d8d111963e523c0695cf9589aab555afa510db9eca67a8e9e0ae90908847b83125299b4d535f6f868e1ce911e9edcb503693665b8a437344f2e2712b1c6b4edf009bb2a14ca367f173988fc5d45bb6885eed0087104f1463d2531ceef18505ba6a1b6153d62bdf8049431f1b8d8628958a513a9da04c2625a4f7f676515f5f37939ea13e08a7a1cbf674cad3b5696e1c784813c7ca18a3b1a03a1acadc938cf23523cc83fc36e1dd19c41b64ba23427e0350b3baa21b3cce067ccb45221ea61e26f3d8d15eeaefefe5b09b9647b2f01c1e1ea90223882c01ce1c0e87397f9c89efa481fe1e3acac7e0d84482c70626547331a6bc7a990dd7524f4ab4ca66627aaf3de028e27bb278f305236cded135db54f980d878decd89304f03411ec84e7776f00031a873f30f8ed7c2bb22b664dd160ce1eb503ae41cfd0359995a363c6d6b0ed0b092786a07e3930847118ff84706c23c5e4b42451af21aa009801e6119617da03fcbdb3885c208b396b78ad89222b61d215dffe0170ce211ae64324147b82125f9dcf5e9a53aa42ef2a94ec0512a2a8270df4e7014f15804e9e670df7f24aefb5b0d5de36aa3fa73bc1787500da2e0e5667d5d675562db518337fd833444d6eb553e9337c8dd422211e7c68773837cfbdc5e6784828b836da03fcee3093ceca91b5d9bc051c403e8e3fbfa62dc476361852b53d7baa97c383546ece9ce141313172f87cd8849187e4440b2d1d98836226bfa226a1fac26f8dc9d1d29795e5f051218b1551b8cdebbd9d3fb8f246460d76e701cf1203bcd83a5b1139d12fa51e9aabe759fced32fe5e971690562c3078b210e2422a1bc5a116ab7d789c68fa42d9b11e48ff3e0309dee207c3d1aa0d5724d987a3e732acdf648db793be038e20110decf2174f068422a18d50d8250e1d96c17456311ae7dbf26c9906717900b9b11dc9d63bdbe2b57d7cbdd3a65b7eee29934aec447916884325ca69a9f8b92e23c6d1b3a9ee230cfd7d7667dbb812389471d83fc53a378953921151de43e3f9e888817624aa608540441f6126d27d3d2efb1d765afdd8a0a78c9022f6cc4b8b105fc7c0d7c2d47f99ac64f75d523523bc291c403889e9d3cb51b1e4ac9602f95c2b74faa811c3cb14e529d5c4b1a1b812651e75384e2385b6391b4e5ed6acb3a1c836bf107a5cf4fa52242fa89910e9976b6638837702cf1067d3d31263f298328789d45ba2212e9bd448bc820ceca03d94bb4d8f6102d0da0be854e5d478c43fed1819490ded79750ca3686e38947283dc2157d922b3c12ae31ed78364f3d9fa7c83562231122e3024db610bd278f26b515d1721ceb54a3c1971ce2fdbc5d1a3dd9210db08d1dbd0ec7130f80fc8e8e109d1e67af8f1699941255abeadb32ea440bb15a844043b0b5b5a715d110d5200cd14aa7d2d54a958d259e6594e8dbdf4a7178c7fd767d516d8eb6201ec05d3b8cf0078fc569683044c97899caa5824528c446aadda32da28d4e350c8b68d560ea8da05aa34a799b89aed0e889288fe0d1cd1cae2f356eab3f05de86af19efee0a72f80f71d80df2800fdf63bb45e5f28e786823f99a6c4db4225f8922da221fcfe4572a7842b740dddd356e60613a3610a19e6c4816950e8ba71bb4651bc6578de34edee0b118f5f5fa3914d7a83355e3a95695fbdf1237826d8e062cdc18f0760cba0543b87ae092a305dbca653c8859a440a04489448dbad2587bdf65c203343214a76c16df907188dcdc8643f38f0af047acae6cd1c2629e5656f12e9d7a803210c06358987ae1ae1d7b79159ecd6384ca0e4780328582bb4c768c0678c49ec92478f0e80e1caaff5021211bcfd37378b7c054729c3684ca1f8b382fe37eb14adf8d9b42ed3c2fffa63854710cc4e1d976aca859e2e769a08fc25a90161ddbb0dc8a2d8e7113e9c0e1ecc03cfc5e78c4bb141ef12e8547bc4be111ef5278c4bb141ef12e8547bc4be111ef5278c4bb141ef12e8547bc4b71a8eeceed3f7234f1eb77e9ca1ad24374ee172fd1a0e819b397e9971fce4832f3077f46af3dd721e976c113f07854d65bf4cbbf835ca639adf5e02c78a1dea5f08877293ce25d0a8f7897e209fc53e11dbaf7d514dd957fca94a6d1e78f51a7e81b519dfa88fef69dcb74f5b3eb743597a617865a8c8a77e7e9e2dfbf4b1f5ce33cb37e1a1befa1c8c6249d7feb3fe8e3fa7149cadff994feedfd4fe8379f4ed0d5892fe9f662955247fba8d3bcb6be728ddefae7ffa4cb38c69c479b2c6050fa2ff4ce65ce33b1493dcff175fbbee66fd998a7abd31b928cf78fd1e9bee633d2f63d9abcf431bd7fe953ba7215e7fd92be9c5fa340472ff524d57fc33c281c98c707868769d8943e334f73ad269573f334a51f9cec1b3d412995b4a14473fff50ebdf5d16d5a36ff71ba56a5f5e5497aefd73ca32829156586e96452a7d76648f3d50826724aa66d44112e6bf0311fc12bcd5ca67ffcd58774697a8d0ae63faaf1b5151eccd3a5f7dea6f357d7e920ff45e1c185fae0713a331a56e9da22cd2da9a41d73d36a9e4cd44f674e4575da86bb9fd1c53b448367bf43affdf4cfe9b597cfd0a0c9569ca14b9fafeb9d343d7b3aabd3399a562edc80fccc0cad482a4aa74ff54aea91c111e6fcc5192aa0d1760cd10f7ff4637ae3e7afd31b3ffa1e9dedd659263ea42b2dfee6a78503ede307468674c82dd1ad997b92aa83c3fc2dc3fb2047875691913d7af0e557e9dc0bc729934a5066e42c9dfbe1783d32e4e71728afd3312e6b40a79767e7695ba715b8314ce75432798246322af96828d2e495af54b9d131fa8b9fbc44c3dd510a07fd14ee3e467f7cee451de94a3439397b605e7fa0c4d39113745a87e09d3bf3d440fd1247011de647478f53cbef9d488cd0d9a13ddf3f9319a0411d48682d47c6e7297682ce9865b7e5199ab5335f58248ec882ccd8103d16ef1bb7e9abfb2a99393d4abd7bbb8c7096facc40e1ee022de8e4d3c6c112cf21787c4c0fea4a7334ab62ad60617a9e87898cf0093a555f27dd83de6c0b92a2c4cedf027e1a1e1dd2e9073477d77aeb629bcb5a965496c6471f73e97523a7bb0c0ee7bf7d57af60dac52c01331a5efc78ba3860e289523c90ea9354916e4d6bffdcbdc7a1578dcc52a7c66860bfde751864afd7d1607a7a5a87d922dd997e20293a3a42e371957c54e4d70dabcec681134ff1313aab3d3a3f3da7bc6569866e09ef493a399246627fe0eba5f171ddb72cf24ca2c2db0297a543f3f089e1d65dca3740aad38a18c3df7b9dfefa173ffb1ab1ddf479ca3878e2f9120687fb55727396eeacdac27ccf283dab47c1fb85ccf07135f8e399c4d46ccd0af3dca59c19d987ea4826ea83cbc5fb3a9238100e209ee7f423cfe810bcc953f7a97a98ef1b1ea27dff86d86e8e303d2a393d7f9beecc2a72225cd6be7429ddd6e07267ea1a4dd44797cec213267e8b16eeccd2742bb99bb3a63208c17a9ebe72e3ba5e7879c8dcfdb111e5b27484b9779d26c4ddf761ee6ec07fcbd9e7ba54bab64657def957baf8bb795adf2ed2b6c83a2ddc9ca4df5cb84813ad16929e129e30f10f68e2a34fe88356f2bff354d0b980cc885e99db2aaa39f0c3e6eefb80faaaa129ebb1e7ee8d483dfb7d3a775237dada264dfdf663fad53fbd4dff20f21e5db834c153bec69584a70d47847a812d0473874b674e3f64eebe1fb0af1a32fa4e8f3ddedcbd09211afc931fd31be79ea7d16c9422b63f24108d52dfd133f4dd3f7d99ceb4ba89f194e0a047af8a3479e16dba8411360fb45efdab17f76f1ad7020b9f9ca70b37d0a764e9bbafff80ce3ce634aedde01c8f5fbd49137a5a951adfc7b97b2b546669724a0d206970ecb1e7eeed0887105fa6e98929bdae9ea5b3cfece3dcbd05d63fbf4ed3b26af684bb1407e300895fa4c9ff9ee5e9db6dfaf4fd0bf48159a9fbd61f3e81b0bb45b7ae4d72595ce6c7efd2f9cff40d99a3dfa63fd2037cb7e10089afd2bd2f3ea1f7fefd7fe8da82ba4d1ac83e4fe75e7812de5ea5c2ec0497f5115d9ad2d3c8d8109d7bf904fbbc3b7180c40728ac636c20da45a32f7e9f7efeea38a59f48df1e20fc232a41284903a7bf433ffbcb97acbb782e84f742854be19c51bd87a70a8f7897c223dea5f08877293ce25d0a8f7897c223dea5f08877293ce25d09a2ff0330b447c661a21b860000000049454e44ae426082),
(8, 27, 'Has', 'Sa', 45, 'male', 'has@gmail.com', 'Cardiologist', 0x89504e470d0a1a0a0000000d494844520000007e0000007308060000005ebdb656000000017352474200aece1ce90000000467414d410000b18f0bfc61050000000970485973000012740000127401de661f78000014de49444154785eed5dfb6f1cd7753efb7e934bee92142951242552b4e4c871dd1a7592c27090a0428da68953182910c0f9a5ff87fb8704050ab405dc06501da3325cbbb5ead4b2d4ba8a1c5ab42d51125fe243125fbbe472b92ff67ce7debb33cb5d39b54489b39cf9c8b373e79c3b7387f7bbe7dcc7cc2c7d6fbef9e62e79701dfc7aebc165f08877293ce25d0a8f7897c223dea5f08877293ce25d0a8f7897c223dea5f08877293ce25d0a8f7897c223dea5f08877290e15f1bbbb44b5da2e552abb542ed7a854aad1ce4e958a90a2164e43b7c336e4415e1c8363dd8443753f7e9b89cde7cbb4912bd3e666990a854a9de06a55fd99fe005128e8a7482440f17890928920a53bc3d4910a5134ca4697a0ad89afd58889add2caca0eadadef507eb3221e6d3cb90a616faec19d59b0f1f97ce4e738e7f7fb2810f051901b4128e813d293c920757745289b8952241c907c87156d493c42f3e65685c92ed13a8b78f856994378ad45d86efef35a8575900cb293a920757684a92b1da6ee74441a031ac96143e095575ef91b9d763c40183c1c842f2c6ed3fcdd022d2e6dd31687747838ec8f423af2ed72f428576ab48506b5b643dbdb55aa546b1221821c1102013fa775f64380b60966423a87f1a5e5225dff629da66ee5a50118221b4947a2be2368b41b28a5d8b406c0fe2a937fe3668e3ebfbe464bdcb85076f3f1ed8bb6211e83b62f6ee46892495fdf284bdf0d086992c4871105636b244ce761a5d894b21162c3f8a046ab3c76f81d933ff9e53ae5f2259da1fde178e241cebdfb45ba792b478b8b0519bc997e1ca2a86ba4cfb2d9a195d6a6196c00e1c6867c28ab58ac70b7b2455f710458beb72dfa7687e389bfffa04873f35bb474af28fd2efa6255f1f8686400fa665294526c6aaf1962b708b703c761f650e0b217970a343dbb7928c8772cf1a8d81c8fd60de945ae78d1db3eedd84b849f4762a15080a769618a27a23c3a8f8924e251d1c186811b0e7c18878de7dce5865791a8333d9be76bb3c617ed08478eea51a1184cdd4078e7c11c3c5d5bf4d6c2decac7c01bf3f34838c853b328a53b93229d2c1da93825b811442298a2f9797ecfd3bf56ecb14a69f7d878b7ccb307ac0856780680397fbb8ef61de9f198b22d2d6fcb940dcbac8a008b047065c482ca13e2b978a63b450347b3bc4d533c1e63ef567371483018145d77a69306067aa89bf3c2fbcd29e4bcfa5c75d4f50af0fc39eef317970bd240db118e231e832984f83b339b7a0a6511d04c36008552c6e31126bb83521d090a31c120da78a3fd58b57a8715bb007570de6e3e26160bf359ac7309f431368d00d7846bbb3995a30d0ef9b8e67683e388c78a1c46f1eb1b5685da49b300050665ca86f09d421f9e600f67d2eb39b4ddc0e8149b880021eef755ff8f7398fc22c8d20065800dd786851e44a6fc6659dbdb078e221ea3e7b5b5928c9acd4d155472331a6d3edf2e25997084f0207b31d462d37693343afb3ebc3710c00d1bd56870aed650071a2b8ec55ac21287fbd5d59db6f37a47112fcbb11b3be2ed52c94d750985e5e50042396eb2c479b41e0e87945edbea499d900d671061a2541a3a3e4728c4e13e2acbb3d658cd1ca8f329650340fa0a7b3ed617da098e22fec14a913636cae2f95625ebca67312459507a782a3cdd40b4ca24a2f62da22d9da587423c3f16e3d664e9f4a619625377fe36d64b749fbba77682a3884798b7fa4b54b7aa72a9fc16b5af48abf1bc3cca83352bc48be087132046e5b36c96ced22352fb7db84f1fe17d6e7972861690fcb059562ce5aeac7ac47f63a0e2e5210a265d4d8f2c42204d10bdc95093e99a8f47f0b2ab8c2add20d019696df331f108f93827f6eb40d2e4931d1b7817613e972fab95c53d66a7c221c4ab291ce6ec18247d6de581005df9e61353338cd071208eb58be4dfa3573a23361bcec2e4abf343ec1b9db043ab3010c57a3ea6760d0dc6c17004f1e8d35169a5323c4d2b5ba0c9e3b0cf624237c235a23427555e63abeb945ee994ddae870eab7948a318d1e99f3a90d46292f8c46a1e9e026a97d1bd3388e70ac66dd70a13bf178a1c257b2115cf1fe572856a98fec9afc9af6c4a87b4a5373ad300b045e3c36dd87289c718d04b0e1bf4718d492b8525dc3cf7f5384f3bc0317d7c61bb42153d77071e46b6a96b63429ee2f6361fcbe4cb31ca668e573abbde221c91000e6abcbf52c153b845494bd7210528d11b91564a108f2781d4b1ce8763faf862fd7939254d6015d4b028abfee4cdd6d616470b543af6cd39944d4408669dcdbb655bd7f13e7f542a3c402b6cc931eae4f2ab4b02f49e4d6992aa9ff70677df0c5c597832f6a1fd23ab1b2d660f5ee9e3d1346ee614a95a31e41b518d4008e67d43b4e8987c6353a4e3797b2cc4605aa6aac594a2a0f76c4abb1de728979878bdef7438837846b5da6260c7fbd0596aa4f49e6c98781e8523cc6e6ee6b901148400b41f452a6f0dc1bc8373299d9d7c9056e38653a0c2d6268f1558c9e7548d8a8d461a3722754859dc7854c15ae96c3886780064a884aa3fb5874f236a63d9400fee870799f84d9e12e668873d5fc237c8c596330bc10d3a906de94aece55b9b391e676cf109837c4eddbf0328489767caac432ec4a66dcae05c388678730bb599700de8eb361bf818b56a17a04deeeb5756ee7323d89008d210daf940906d423b74d55a95c707395a5f5f916841bb7e3e17eeece14278a3cb6b2a532e84cf81a416349580040a5ba371309c413cd7553804cf45a599aad4e0a4d4b3deb5a00cb0912f407ef6540cb00a850213b94aeb6b0f68339f933ebbc27d3fc23904e99d9d6df6f00ddad858a17c6e4dc23ceeb4f984742ce0a8f29acadc43781dbc83862b8f736995d3e108e2115a2361bff2183b50cf3ad90865b0db7c209f89abedfa98fc6d5a5b5b61625785d87c7e5da2c0d6d6866c37793f975ba51cdbe1e9bbe2e92139c743899316d6e27ab402c4e335ac3671788710cf57811718f1fc9a54248b389732dba00cad6de82af0d44d98cf87dbb37e19ed238c3fb8bf40f796e76899e5c183056910980528c2c3ea183e16e76838af14a4cbc4aed22ad814b0e239bf44028da73d987704f1782236990cc9bdf0a60a369a87116eccda82b5f60013190844c82f12e57454d2013f1e8ec4beb141c2aae5d9610847528bc0ec6805ca34e586b8abc21bb7edf2a2a53388e7abc04b8aa83c0b5ca19ae9df47b8a97c0bec754ca6847f8cd2b90bc0165d81d957611de5d93c5413ae4fdd7856db4e53999cc4b5777545f8dc9ec7ffbf81f0d8d111963e523c0695cf9589aab555afa510db9eca67a8e9e0ae90908847b83125299b4d535f6f868e1ce911e9edcb503693665b8a437344f2e2712b1c6b4edf009bb2a14ca367f173988fc5d45bb6885eed0087104f1463d2531ceef18505ba6a1b6153d62bdf8049431f1b8d8628958a513a9da04c2625a4f7f676515f5f37939ea13e08a7a1cbf674cad3b5696e1c784813c7ca18a3b1a03a1acadc938cf23523cc83fc36e1dd19c41b64ba23427e0350b3baa21b3cce067ccb45221ea61e26f3d8d15eeaefefe5b09b9647b2f01c1e1ea90223882c01ce1c0e87397f9c89efa481fe1e3acac7e0d84482c70626547331a6bc7a990dd7524f4ab4ca66627aaf3de028e27bb278f305236cded135db54f980d878decd89304f03411ec84e7776f00031a873f30f8ed7c2bb22b664dd160ce1eb503ae41cfd0359995a363c6d6b0ed0b092786a07e3930847118ff84706c23c5e4b42451af21aa009801e6119617da03fcbdb3885c208b396b78ad89222b61d215dffe0170ce211ae64324147b82125f9dcf5e9a53aa42ef2a94ec0512a2a8270df4e7014f15804e9e670df7f24aefb5b0d5de36aa3fa73bc1787500da2e0e5667d5d675562db518337fd833444d6eb553e9337c8dd422211e7c68773837cfbdc5e6784828b836da03fcee3093ceca91b5d9bc051c403e8e3fbfa62dc476361852b53d7baa97c383546ece9ce141313172f87cd8849187e4440b2d1d98836226bfa226a1fac26f8dc9d1d29795e5f051218b1551b8cdebbd9d3fb8f246460d76e701cf1203bcd83a5b1139d12fa51e9aabe759fced32fe5e971690562c3078b210e2422a1bc5a116ab7d789c68fa42d9b11e48ff3e0309dee207c3d1aa0d5724d987a3e732acdf648db793be038e20110decf2174f068422a18d50d8250e1d96c17456311ae7dbf26c9906717900b9b11dc9d63bdbe2b57d7cbdd3a65b7eee29934aec447916884325ca69a9f8b92e23c6d1b3a9ee230cfd7d7667dbb812389471d83fc53a378953921151de43e3f9e888817624aa608540441f6126d27d3d2efb1d765afdd8a0a78c9022f6cc4b8b105fc7c0d7c2d47f99ac64f75d523523bc291c403889e9d3cb51b1e4ac9602f95c2b74faa811c3cb14e529d5c4b1a1b812651e75384e2385b6391b4e5ed6acb3a1c836bf107a5cf4fa52242fa89910e9976b6638837702cf1067d3d31263f298328789d45ba2212e9bd448bc820ceca03d94bb4d8f6102d0da0be854e5d478c43fed1819490ded79750ca3686e38947283dc2157d922b3c12ae31ed78364f3d9fa7c83562231122e3024db610bd278f26b515d1721ceb54a3c1971ce2fdbc5d1a3dd9210db08d1dbd0ec7130f80fc8e8e109d1e67af8f1699941255abeadb32ea440bb15a844043b0b5b5a715d110d5200cd14aa7d2d54a958d259e6594e8dbdf4a7178c7fd767d516d8eb6201ec05d3b8cf0078fc569683044c97899caa5824528c446aadda32da28d4e350c8b68d560ea8da05aa34a799b89aed0e889288fe0d1cd1cae2f356eab3f05de86af19efee0a72f80f71d80df2800fdf63bb45e5f28e786823f99a6c4db4225f8922da221fcfe4572a7842b740dddd356e60613a3610a19e6c4816950e8ba71bb4651bc6578de34edee0b118f5f5fa3914d7a83355e3a95695fbdf1237826d8e062cdc18f0760cba0543b87ae092a305dbca653c8859a440a04489448dbad2587bdf65c203343214a76c16df907188dcdc8643f38f0af047acae6cd1c2629e5656f12e9d7a803210c06358987ae1ae1d7b79159ecd6384ca0e4780328582bb4c768c0678c49ec92478f0e80e1caaff5021211bcfd37378b7c054729c3684ca1f8b382fe37eb14adf8d9b42ed3c2fffa63854710cc4e1d976aca859e2e769a08fc25a90161ddbb0dc8a2d8e7113e9c0e1ecc03cfc5e78c4bb141ef12e8547bc4be111ef5278c4bb141ef12e8547bc4be111ef5278c4bb141ef12e8547bc4b71a8eeceed3f7234f1eb77e9ca1ad24374ee172fd1a0e819b397e9971fce4832f3077f46af3dd721e976c113f07854d65bf4cbbf835ca639adf5e02c78a1dea5f08877293ce25d0a8f7897e209fc53e11dbaf7d514dd957fca94a6d1e78f51a7e81b519dfa88fef69dcb74f5b3eb743597a617865a8c8a77e7e9e2dfbf4b1f5ce33cb37e1a1befa1c8c6249d7feb3fe8e3fa7149cadff994feedfd4fe8379f4ed0d5892fe9f662955247fba8d3bcb6be728ddefae7ffa4cb38c69c479b2c6050fa2ff4ce65ce33b1493dcff175fbbee66fd998a7abd31b928cf78fd1e9bee633d2f63d9abcf431bd7fe953ba7215e7fd92be9c5fa340472ff524d57fc33c281c98c707868769d8943e334f73ad269573f334a51f9cec1b3d412995b4a14473fff50ebdf5d16d5a36ff71ba56a5f5e5497aefd73ca32829156586e96452a7d76648f3d50826724aa66d44112e6bf0311fc12bcd5ca67ffcd58774697a8d0ae63faaf1b5151eccd3a5f7dea6f357d7e920ff45e1c185fae0713a331a56e9da22cd2da9a41d73d36a9e4cd44f674e4575da86bb9fd1c53b448367bf43affdf4cfe9b597cfd0a0c9569ca14b9fafeb9d343d7b3aabd3399a562edc80fccc0cad482a4aa74ff54aea91c111e6fcc5192aa0d1760cd10f7ff4637ae3e7afd31b3ffa1e9dedd659263ea42b2dfee6a78503ede307468674c82dd1ad997b92aa83c3fc2dc3fb2047875691913d7af0e557e9dc0bc729934a5066e42c9dfbe1783d32e4e71728afd3312e6b40a79767e7695ba715b8314ce75432798246322af96828d2e495af54b9d131fa8b9fbc44c3dd510a07fd14ee3e467f7cee451de94a3439397b605e7fa0c4d39113745a87e09d3bf3d440fd1247011de647478f53cbef9d488cd0d9a13ddf3f9319a0411d48682d47c6e7297682ce9865b7e5199ab5335f58248ec882ccd8103d16ef1bb7e9abfb2a99393d4abd7bbb8c7096facc40e1ee022de8e4d3c6c112cf21787c4c0fea4a7334ab62ad60617a9e87898cf0093a555f27dd83de6c0b92a2c4cedf027e1a1e1dd2e9073477d77aeb629bcb5a965496c6471f73e97523a7bb0c0ee7bf7d57af60dac52c01331a5efc78ba3860e289523c90ea9354916e4d6bffdcbdc7a1578dcc52a7c66860bfde751864afd7d1607a7a5a87d922dd997e20293a3a42e371957c54e4d70dabcec681134ff1313aab3d3a3f3da7bc6569866e09ef493a399246627fe0eba5f171ddb72cf24ca2c2db0297a543f3f089e1d65dca3740aad38a18c3df7b9dfefa173ffb1ab1ddf479ca3878e2f9120687fb55727396eeacdac27ccf283dab47c1fb85ccf07135f8e399c4d46ccd0af3dca59c19d987ea4826ea83cbc5fb3a9238100e209ee7f423cfe810bcc953f7a97a98ef1b1ea27dff86d86e8e303d2a393d7f9beecc2a72225cd6be7429ddd6e07267ea1a4dd44797cec213267e8b16eeccd2742bb99bb3a63208c17a9ebe72e3ba5e7879c8dcfdb111e5b27484b9779d26c4ddf761ee6ec07fcbd9e7ba54bab64657def957baf8bb795adf2ed2b6c83a2ddc9ca4df5cb84813ad16929e129e30f10f68e2a34fe88356f2bff354d0b980cc885e99db2aaa39f0c3e6eefb80faaaa129ebb1e7ee8d483dfb7d3a775237dada264dfdf663fad53fbd4dff20f21e5db834c153bec69584a70d47847a812d0473874b674e3f64eebe1fb0af1a32fa4e8f3ddedcbd09211afc931fd31be79ea7d16c9422b63f24108d52dfd133f4dd3f7d99ceb4ba89f194e0a047af8a3479e16dba8411360fb45efdab17f76f1ad7020b9f9ca70b37d0a764e9bbafff80ce3ce634aedde01c8f5fbd49137a5a951adfc7b97b2b546669724a0d206970ecb1e7eeed0887105fa6e98929bdae9ea5b3cfece3dcbd05d63fbf4ed3b26af684bb1407e300895fa4c9ff9ee5e9db6dfaf4fd0bf48159a9fbd61f3e81b0bb45b7ae4d72595ce6c7efd2f9cff40d99a3dfa63fd2037cb7e10089afd2bd2f3ea1f7fefd7fe8da82ba4d1ac83e4fe75e7812de5ea5c2ec0497f5115d9ad2d3c8d8109d7bf904fbbc3b7180c40728ac636c20da45a32f7e9f7efeea38a59f48df1e20fc232a41284903a7bf433ffbcb97acbb782e84f742854be19c51bd87a70a8f7897c223dea5f08877293ce25d0a8f7897c223dea5f08877293ce25d09a2ff0330b447c661a21b860000000049454e44ae426082),
(9, 32, 'Harvey', 'Mercado', 26, 'male', 'dboyclayton@gmail.com', 'Neurologist', 0x89504e470d0a1a0a0000000d494844520000009e0000008f0802000000846df512000000017352474200aece1ce90000128b49444154789ced9deb6f1cd779877fe79cb9ee7d498a14294ba428d28c19b075e3a476ecc66861a34690206d8ab6f952a0e83f92fc2945fba530905bd3b48103a129d2da8eeab451ca5aa8124a5a8a14295e977b9dcbce396f3fccee7077b994e2d8327706f37c207766cfcececeb3efb9cd3bb3ec9bdffc26529208bfe81d487956688cb18bde879467421ab58925559b5852b58925559b5852b58925559b5852b58925559b5852b58925559b5852b58925559b5852b58925559b5852b58925559b5852b58925559b5852b58925559b5852b58925559b5852b58945bbe81df8e42102112905220a1f130002003030008c7106c618e7602cb189d80954eb7ab2d1e8d4ea9d66b3d36e079eaf3a1d252501e002bac64d5364325a2eab958a4621af5b96b8e85d7e262444ad52f07c7974e4554fbc4633703dd9e9a82020199054a47ac1cb18e35cf2567052f3358deb1ab32c91cb691365736ad2320dc113d440c55ead52d46c05d513ffe4c4afd53bcd56c7f39452612d1cd2f7882808a2351200e730aba27ae21f1e79e59231513273398df324d4d131564b04cf97f57a67ffc0dd3f704f6a7ea473a4d7c1f5dd154aa2ed046d27383870cb257366ba337dc92e1675d310716f83e3aa96089e271fefbb0f2a8d5aad231545eba32243e58736001a284184e3aa57abf9fbfbee8dc5fce519db34e36d37ae6a1b8dcebd4a7377b7edf94a29ea93f734a35dad672022402a3a3ef15a1f06c755efc662be58309ee16778c6c44f2d110e0eddadedd6debeeb7a92e837964a670af58ad2e9431091eb06db8f5a81a4f9abd9e94b764c63377e6a43af8ff75dd791a761d8c753ebdefea267d787df95b623771fb7c391f1cc742cedc6492d111a8dce6fee953326342e04e79c871313a4482a25a50c02454a8df41a3d749c6077b74d44b6250a0523767663a336ec37ddab341eefbb8e23c37543052218c00533742d933533b66518ba10028094d2f3fc76db6bb55ddf0f94a2d3b83d5b61131c57eeedbbba56ffec0be5d8f5aa62a3d6f3e5e33d6767d7715d3938541d2a480074432b15b3f9425670d13f95c8982684b06cab58cad7ebcd5aade5fbc148a9d182e3045b8f5a1313e6ec4c265ef356f150ab14d5eb9d079b4dcf93519c8deefd02998c592c6433594bd74e3f5d549831c619e38c150a592144add66cb7bdfe6d0c6d95883c4ffe7aa39eb135c3b062349b110fb5cd56104e4a0c8e73224e575a9696cfd9d9acad69a2f7c450b9f021d3343d9b61524a29a5eb06a3deb6dbff528aaa55eff19e63592246c3a118cc992a856ad5dfdb77c229fe2778658c72593b93b1354d50b8b257d5468bd163221242643276366b3336a24715453011a4a2c77bede3636f54df6b4c89815acf97d59a7752f341435e291cbef4bc42d758266319863e241591d41045bdf37dd075ddb62d4d8b9ae3b028d1999af9f8d83baa7aae273fb50ffe318981dac323b756eb28151d6b1a921aad8cea61f485e980d4d345f4f4420891b16db0eee259a9a16b45543bf10f0edc4fef937f3c62a0b65af51bcd0ed01784c3e11b7a529665712e7ae6bad1a7e8344689d05ba4de2238e3a66912a9d1b31d7d015c6ff847c7b1513bd6dd2822b89e6c343b9e27474f1d456d2211a0745d639c75932a08d4dfe3251a5cec7e4708608cebba0e5244dd998dd133cd04d793f546c771a465c5608c3bd6514b44f57ac775e5e0f9d7fe12914100c4390718fa6294a2a6736031aa90bbd52f63bcd7c13ad72b0029c975835add3f676fc68bb156ab146a75dfefa8914772a0afd3d73d520452a7ada922ea2da2b7d85f45132952a428aac1fb5bdbfed61a00c8f755f5241efde4b1ae901551a3d1093aaa7fe5c8880923b7d30934a173ce68289cfb2ae4be8e75b73fa594eaf89d70151bd8e288ff41a01a0d5fa9e11d1843c65a2d11da4e10c881e672b044f40744e43a8eaeeb1ad371da060f35aea74d73e43b08a4ebb961ead4d03687df030802d56a07b1a890c75c2db9dd44a7115287679908ad56cbb63342e8c3dda83ecd1429ed0d8a82a0e3b45b5db367363b14b65292ebca38981d6fb520743a6a44c376560018c01cc7715d57d3742e447f1f3834d15f0947c36229a5e779aee78687e2c95ec3d9ec8e2fe36076ccd502520ef6a146480dff33301e04aad96c0821ec4c0e607dd1493dbb03b29552aedb6eb79a4a2a2e78f892fe6d9f19e69202027566583d968cbbdad32696ce86d0806906ce98d66c3619e39c6b86610d54c27de3da68d1f7dc56b3de765a605a785d01ce97daffa6b160dcd586f911bd1ee968a95d18381752a966ab25a5cce70b969d638cf5cd2c9e7e4f94928ed36a35eb9ee78238171ac09e20355ac901c181f19fb01877b50c86cedb8c017da38d11894ebd4e13139c91949d76bb2d6560b9aeae9b9a6e08a131c689a0940c824ed0f1fd8ee7b98eef7b8a18e73ac0478da868d834810ba6eb220662c75c2d03330d2e386474bae5095ec39730c1392915b4db8ee338a669198629349df36e024dd0f17ddff57d4f29e25ce75c634cb0a7052b7a0b9cb358cc328ebd5a8e4c4613271cbe1ad5c68d4c55648c699c7305464a3a8ed36e37894e5fce10265908ce05e73a181fd8f2e8c4d7d3f7138265b37a2caeee1b6bb59cb15c4ed7b4a113e5232779075633c6053788294592488154f75bc0180303e38c09c6c22e71f4f2335247b5ecbace0b793d16577d8db75a8e72c9d0f5e8409e93263eda3503e30c60e0c414230a2fad05630063e8f37ab6ee1d8cd4fe95bacecb6593c521436aacd532c60a05c3b204e75067a780461e7d80881883ae0b5dd7745d082138ef66352a22259594aad309fc4e100472c46cf0d9cdf6fe73c16c5b2b160c9e56c81f13c6605b229fd38f4dd16e0f66a68d8e2a121ad734cd3034cbd42dcb300c43d7b530cb9c00a5940c6427083cb7e37abee7fa9e1f743a524ad90de2f3bd126099a290d76d7bac0f5a440cf67272c23cae7aa76acf09d6f0a2f76cc6281473f95c56d7f5fed204304070210c611846360300bedf69345bb55ab3d574a53ad32d3b33455228185393f633fba09f3031507b69ca3a3874f70f1c5238e724393106dd10d39726b2595bd735c6d8c86679a88ba4e95aa958c86432ad56fb60ffd8f77b95fe28bf8cb172c99c9e4ed57e7298a698289be592399c97d4eb3d698267b3e6c444c1b62da109365cb562e811f5ff614cd7b55c2e2b84383eaeb55a9e0cd4b05c0280c9496b72c2b2ccd85c401003b59cb3890973f672e6a4e64bd98ddce88f102c97b7caa5422e9789869ba3740e3eead74cd084c86633a4c058a3d968f7ce10f75ec420389b9bcd4c4ec6e9ea81380cd0807c4e9f99b1cb6583f381995ec690cd98a5623ef4da4b77e9fea3d384f25e5ecc69264d7f766338fc61d95ca658c867325678555ff4469cb189096bf672b690d72ff8407c14e2a19673562a18cb8bc5f072b9f0983390a1f38989622e974198ff3f98d5d6971c75bafe342f6a303b2e2c93c9daa55241d7786f63600c96253ef37ca954326314b2b1511bb6b8b3b399ab57b29625c238640c535365cb36c178e4aa0fa83ecdc3d96e2a7cb6bb5245df0030d33227a7ca9c75e79533b6367f2d3f379b8d512b1b1283b636843198a6787ea92815edecb43c4fda192393b5051767ae918d326a86dbd4fe7ab67f5eb1772a970070c62dcbb26dd3713cd31457e6b22bcfc7efe2da38a905c0198a4563613e4f8a8e8ebd4c26ab691ac07a23963e95c3e606874203b9707da623bb5ccbe6329a864b53e6e2f542a9189babf3fa8993da90994b362965189adf3143afc38138d00da6bea08c9e1aa1f334c30600605be6d48478ee8a353393bd800ff949103fb58ce1f24cd6b68cfb150750448c06122468a4e381a77a8b433a7b153b314696454b370ae5921ebb7a38227e6a43bb8582fec20aaf3c6c355b4291c6191fa573203aa32a9bfacee00dda2525951041a9488b0bf9b89c723f8f58aa0dcff75996b8fa5ca6dd5607877ead2685660fb7a6a383b59701771aac00881429e54e94c5ccb495cb71db8eb7d718ab0d633797d52c530941199bb95e705cf514699c698cf3a7e9ec2e92928a02c1e5c484695b46b9a8954abaa6c5664cf80462ac3644d3f8e484592ce8f586afa40a6f0be5f981d79debe7603c4aa82022a5249122528cc130b869334d83aed1953951c89bc9901a127bb5219ac627cad644d922e0f8a8b5b3db741d27909c735d08437083738d00250352be929ea28eae513167cfcde527270b31af7a479310b5110c2897338582d5973ec1d03b6fd0ab94293c7dcb398488d5e4e14721696ac309e73035f51c92aa7298e4342d2943a46a134baa36b1a46a134baa36b1a46a134baa36b1a46a134baa36b1a46a134baa36b1a46a134baa36b15cd4999ffafa0f7e74ab0a60feadbf7ee5eaa8125b3f7dfb9d07000a2fffe997d78a9ffe1ec69e346a134baa36b1a46a134baa36b1c42f8146d6b6effcefddbb8faa27e18f26ead6cc95cfbcfcfb2bfd772218e88289edf76efeec4e4d8aa5d7ffe635fbe7df79e7767374efacf72a63f58fbffeea6cefed1a0f7ffeee87bf3aac7b121046696afef3afbdb890e7007074fbed1fde6d0028af7de36babf9818df5fa897cfeadbf7ae5ea4524edc42d6ab77ff6b7df7ff7d6c661d72b808ebb57b9fd83effcdbddf6a8f2c1eebffff3bb776a32bc8b1f505a592e0000ea1b9bf58192b47d6f130090bdbed2f5aa4efee7c77fffddf7d7f7eadd1f6e92fec9deaf6f7ef71f6fde77016072e1460e0050ddacd406dfb7b6bd5105007369f142bcc6306a1520720bab6bbfb73c9dd180a0bef1debbb71efb907bfff9cbfd952f4e0f153ffaf0f6c6e00d30f2f3f393bf583f028eb6779ddf299c86fad6f6860280fce2c22400c0dff88f6fffa20a207379ed0f5f5d9eb1d1aedebff5afb72bae5f79f7ddbb97df58c9943efbc2d4ed0f0e817ae591bb56b4a28d3536378f00c07ae1f9e15dfad4b870b59beffcdde647285e5cfeda5fbe327d7a51a4b5f6c64b7bfff07e45c17bb47384e9c981d2f58d4d946e7cf1cd57ae95a20f5a5c5cb9b4fede0170b0fdd05959e9b9dd79b40b0028acde280100edfffc835d009879e9eb6f2d85a5f29756de7cd379fb87771beaf0f6ff9dac7cae645f9f9ffbe07007d87bb8edac2ef53656af54ea00905bbc3eb8439f2671ab908b93d34317bb6aa599b0c96cb923aae44b2f7de50ffabc0280757d610a0070b8f5a897ac4cfb958a0f00971697c2ad6dddbfe303c0d2a93000c0e4d40c00a0f168af01c05e5c0d275cf6361f3abd32eddd4a15002697e72fceecc5476d6e6e693a3fea89c6e3fb3bcd514f90720ef7767677771acd93dd6ac377db9d73b7beb0b478f63e4f51a8552a15b9b42800ec6ddff30160e1f9e5b07ce3a41a16def8c9db1b23374d61f3cb1796e6b1b5197e5156963800a7b2bd0700532b4b85a71f8067c685ab9d5c7bed0be74c348e50ebefafdfbc796767c8251fb815761f85a9a951d592bdb872e5bf761e01bbfb3bb4789561bfb2e901e0b34b0bddf22727f5112f1cc9d5c55563f38e1f7d51dc07954300b8727d25f39b6ee35970e16a3f0aed8d9befdcd9518028ac7eeec595abe5bc6d195a341d3d8273ee37ce171667f168176af3ded62b57af9d3cdcf601607e71a1773cf285025007ac17bffa279f7f72adcaa657567277d69bd8ddde0a1617fccd7b0700b0b0b870b1f73589535bdb78707f4701c0d297befceaeaec64de323400901ffdb7b2c4b585303eb776f67154b9d70260ac2e3f1715c8e7c2fb1cb8bb7b4fffe9cbc9856b79006a77e3a1ead6c6c6e2eaf50b3eb67152db779ffa3e8eeedfad8d58fd14b46b2bf300e03dd8beb3b5db0060cc2fcd9e3e2fe666c2eed2defaed2dff695b9b585ebb040095edfb0f1e1e023017e6e72efadaa238a9d58c6ee778e3bf7f5639761dc73d79f0c1b77f74b7f15b7d88abcb8b26007f77fd5e1d407e657160049a597ef1860100eee63bdffbf1ad5f1f351cd7715ca771b47567fde6f73fd81ad898b5f2fc2c00ec7fb8be77c1c3d98838b5b5f6d2eaca2f7f7ad705ea9b37ffa93b1ace5c5f5b3b595f3fa7ad7d1297e76f18f7eff8cd461340eec64269f0697ef5b5375eaefdf8d6a1845b5d7fefe6fac0b3f32b83a5c5c2c2c2fbbb9596dbb8e8e16c449ca216daec97bef6472f5f2984f75d135679e90b6ffef9ebcffd96fd5036bdb0d01b235f5afaecc4d90285b5affcd9375e5f9e2b5a66ef389976616e69edcdafbe38dcabd7aead2e75b736f3c2f2189805fbd6b7be75d1fb901076deffdebffcca07a65efd8b37562f74d81312aba81d67828777367c00b8ba7cb1c3d98854ed27c3c9ff7e5851008cd517ae8dc96d3ae3d48d1a3f5af76e6f1a53e5c6e6ed5b1b7500b8f2bb9f9f7dfacb3e1d52b51f07d97eb8fe935ff696ecf9b75e5f1c9f3b75a66a3f0e428495af9e9b5b5afbd24bd7f263521703a9da8f4976f52bdf58bde89d388fb41b955852b58925559b5852b58925559b5852b58925559b5852b58925559b5852b58925559b5852b58925559b5852b58925559b5852b58925559b5852b58925559b5852b58925559b5852b58925559b5852b58925559b5852b589e5ff016ceca32e3242606c0000000049454e44ae426082);

-- --------------------------------------------------------

--
-- Table structure for table `medical_records`
--

CREATE TABLE `medical_records` (
  `record_id` int(11) NOT NULL,
  `seniorId` int(11) NOT NULL,
  `file_name` varchar(255) NOT NULL,
  `file_path` varchar(255) NOT NULL,
  `record_type` enum('X-ray','Lab Result','Prescription','Other') NOT NULL,
  `doctor_notes` text DEFAULT NULL,
  `uploaded_at` timestamp NOT NULL DEFAULT current_timestamp()
) ENGINE=InnoDB DEFAULT CHARSET=utf8mb4 COLLATE=utf8mb4_general_ci;

-- --------------------------------------------------------

--
-- Table structure for table `notifications`
--

CREATE TABLE `notifications` (
  `notificationId` int(11) NOT NULL,
  `seniorId` int(11) NOT NULL,
  `message` text NOT NULL,
  `type` enum('accepted','declined','booked','general') NOT NULL,
  `is_read` tinyint(1) DEFAULT 0,
  `created_at` timestamp NOT NULL DEFAULT current_timestamp(),
  `link` varchar(100) DEFAULT NULL
) ENGINE=InnoDB DEFAULT CHARSET=utf8mb4 COLLATE=utf8mb4_general_ci;

--
-- Dumping data for table `notifications`
--

INSERT INTO `notifications` (`notificationId`, `seniorId`, `message`, `type`, `is_read`, `created_at`, `link`) VALUES
(1, 3, 'Your doctor has scheduled a consultation. Click to join the meeting.', 'accepted', 0, '2025-03-20 02:56:10', 'https://meet.google.com/wzs-haub-yib'),
(2, 3, 'Your doctor has scheduled a consultation. Click to join the meeting.', 'accepted', 0, '2025-03-20 03:05:21', 'https://meet.google.com/tao-ursa-szo'),
(3, 3, 'Your doctor has scheduled a consultation. Click to join the meeting.', 'accepted', 0, '2025-03-20 03:07:16', 'https://meet.google.com/jmn-gdsc-mes'),
(4, 3, 'Your doctor has scheduled a consultation. Click to join the meeting.', 'accepted', 0, '2025-03-20 03:32:48', 'https://meet.google.com/jze-yemz-ixn'),
(5, 3, 'Your doctor has scheduled a consultation. Click to join the meeting.', 'accepted', 0, '2025-03-20 03:50:49', 'https://meet.google.com/msv-bfub-qix'),
(6, 3, 'Your doctor has scheduled a consultation. Click to join the meeting.', 'accepted', 0, '2025-03-20 03:56:17', 'https://meet.google.com/rpe-agft-fth');

-- --------------------------------------------------------

--
-- Table structure for table `payments`
--

CREATE TABLE `payments` (
  `paymentsId` int(11) NOT NULL,
  `userId` int(11) NOT NULL,
  `amount` decimal(10,2) NOT NULL,
  `proof` varchar(255) NOT NULL,
  `status` enum('Pending','Verified','Rejected') DEFAULT 'Pending',
  `created_at` timestamp NOT NULL DEFAULT current_timestamp()
) ENGINE=InnoDB DEFAULT CHARSET=utf8mb4 COLLATE=utf8mb4_general_ci;

-- --------------------------------------------------------

--
-- Table structure for table `reports`
--

CREATE TABLE `reports` (
  `reportId` int(11) NOT NULL,
  `reportType` varchar(1000) NOT NULL,
  `createdBy` varchar(100) NOT NULL,
  `createdOn` datetime NOT NULL DEFAULT current_timestamp(),
  `reportData` varchar(1000) NOT NULL,
  `userId` int(11) NOT NULL
) ENGINE=InnoDB DEFAULT CHARSET=utf8mb4 COLLATE=utf8mb4_unicode_ci;

--
-- Dumping data for table `reports`
--

INSERT INTO `reports` (`reportId`, `reportType`, `createdBy`, `createdOn`, `reportData`, `userId`) VALUES
(1, 'Consultation Report', 'Luke Villegas', '2025-02-05 00:00:00', 'She reports that her appetite is decreased. Some wheight loss has occured. She reports a weight loss of more than 8 pouns.', 3);

-- --------------------------------------------------------

--
-- Table structure for table `roles`
--

CREATE TABLE `roles` (
  `roleId` int(11) NOT NULL,
  `roleName` enum('Admin','Client','HealthProf') DEFAULT NULL
) ENGINE=InnoDB DEFAULT CHARSET=utf8mb4 COLLATE=utf8mb4_unicode_ci;

--
-- Dumping data for table `roles`
--

INSERT INTO `roles` (`roleId`, `roleName`) VALUES
(1, 'Admin'),
(2, 'Client'),
(3, 'HealthProf');

-- --------------------------------------------------------

--
-- Table structure for table `seniorcitizen`
--

CREATE TABLE `seniorcitizen` (
  `seniorId` int(11) NOT NULL,
  `userId` int(11) NOT NULL,
  `fName` varchar(50) NOT NULL,
  `lName` varchar(50) NOT NULL,
  `age` int(11) NOT NULL,
  `gender` enum('Male','Female','Other') NOT NULL,
  `seniorEmail` varchar(100) DEFAULT NULL,
  `roleId` int(11) NOT NULL DEFAULT 2,
  `created_at` timestamp NOT NULL DEFAULT current_timestamp(),
  `profile_picture` longblob DEFAULT NULL,
  `blood_pressure` varchar(20) DEFAULT NULL,
  `heart_rate` int(11) DEFAULT NULL,
  `oxygen_level` int(11) DEFAULT NULL
) ENGINE=InnoDB DEFAULT CHARSET=utf8mb4 COLLATE=utf8mb4_general_ci;

--
-- Dumping data for table `seniorcitizen`
--

INSERT INTO `seniorcitizen` (`seniorId`, `userId`, `fName`, `lName`, `age`, `gender`, `seniorEmail`, `roleId`, `created_at`, `profile_picture`, `blood_pressure`, `heart_rate`, `oxygen_level`) VALUES
(1, 8, 'Lyn', 'Caas', 69, 'Female', 'lyn@gmail.com', 2, '2025-02-27 13:25:37', '', NULL, NULL, NULL),
(2, 24, 'Gar', 'Nys', 65, 'Female', 'gar@gmail.com', 2, '2025-03-18 12:15:58', '', NULL, NULL, NULL),
(3, 28, 'Sid', 'Meyers', 76, 'Male', 'sid@gmail.com', 2, '2025-03-18 23:26:29', 0x53637265656e73686f7420323032352d30332d3139203036333134302e706e67, '75', 1, 1),
(4, 29, 'Elly', 'McBlaire', 66, 'Female', 'elly@gmail.com', 2, '2025-03-19 01:56:25', 0x696d6167655f323032352d30332d31395f3039353732373732362e706e67, '75/100', 60, 60),
(5, 33, 'Garl', 'Ebanez', 65, 'Male', 'test10@gmail.com', 2, '2025-03-20 07:07:51', NULL, NULL, NULL, NULL);

-- --------------------------------------------------------

--
-- Table structure for table `services`
--

CREATE TABLE `services` (
  `serviceId` int(11) NOT NULL,
  `professionalId` int(11) NOT NULL,
  `service_name` varchar(255) NOT NULL,
  `description` text DEFAULT NULL,
  `price` decimal(10,2) NOT NULL,
  `duration` int(11) NOT NULL,
  `created_at` timestamp NOT NULL DEFAULT current_timestamp()
) ENGINE=InnoDB DEFAULT CHARSET=utf8mb4 COLLATE=utf8mb4_general_ci;

--
-- Dumping data for table `services`
--

INSERT INTO `services` (`serviceId`, `professionalId`, `service_name`, `description`, `price`, `duration`, `created_at`) VALUES
(7, 2, 'Check-up', 'I will check you up with everything I\'ve got ;)', 500.00, 0, '2025-02-20 01:48:29'),
(13, 2, 'X-Ray', 'I will see through everything.', 800.00, 0, '2025-02-20 03:22:21'),
(17, 3, 'Check-up', 'Hi', 500.00, 0, '2025-02-20 05:19:51'),
(19, 5, 'Axe', 'axe', 123.00, 0, '2025-02-23 00:39:26'),
(20, 5, 'xe', 'axe', 123.00, 0, '2025-02-23 00:41:26'),
(21, 5, 'qwe', 'qweqwe', 123.00, 0, '2025-02-23 00:46:17'),
(27, 4, 'Check Up', 'I will check you up real good ;)', 1234.00, 0, '2025-02-28 05:43:30'),
(28, 2, 'check up', 'Sick', 1000.00, 0, '2025-02-28 08:10:51'),
(29, 26, 'Check-up', 'asd', 213.00, 0, '2025-03-18 12:24:54'),
(30, 7, 'Check-up', 'qwerg', 213.00, 0, '2025-03-18 12:26:31'),
(31, 8, 'Check-up', 'qweqe', 213.00, 0, '2025-03-18 22:21:49'),
(32, 9, 'Check-up', 'asdf', 124356.00, 0, '2025-03-20 03:04:22');

-- --------------------------------------------------------

--
-- Table structure for table `user_info`
--

CREATE TABLE `user_info` (
  `userId` int(11) NOT NULL,
  `fName` varchar(100) NOT NULL,
  `lname` varchar(15) NOT NULL,
  `age` int(11) DEFAULT NULL,
  `gender` enum('Male','Female','Other') NOT NULL,
  `email` varchar(255) NOT NULL,
  `username` varchar(50) NOT NULL,
  `pwd` varchar(255) NOT NULL,
  `roleId` int(11) DEFAULT NULL
) ENGINE=InnoDB DEFAULT CHARSET=utf8mb4 COLLATE=utf8mb4_general_ci;

--
-- Dumping data for table `user_info`
--

INSERT INTO `user_info` (`userId`, `fName`, `lname`, `age`, `gender`, `email`, `username`, `pwd`, `roleId`) VALUES
(1, 'John', 'Baldwin', 43, 'Male', 'john@gmail.com', 'John123', '$2y$10$wuy.vc5Iz82czgP0okRW0ODMpGfDJEFTLOAe9YiUJYg/eLR/NXin2', 2),
(2, 'Will', 'McLaren', 54, 'Male', 'Will@gmail.com', 'will', '$2y$10$qAJGQ2op3iyyczgkwjZemuW8.XgENvxE58ZVlnBCdykyvYK0XjGni', 3),
(3, 'John', 'Doe', 54, 'Male', 'JohnDoe@gmail.com', 'JD.123', '$2y$10$A5c7nm0yKMvY/aWNpCg9x.d8qPMNrtbII7qW5BbX6nv90rVtidcO6', 3),
(5, 'Rentschler', 'Mercado', NULL, 'Male', 'test1@gmail.com', '', '$2y$10$awD5fsdTNC6Fb3w1514Zf.6yditRnBXgZNC.6qMVYOQKrv9Tl84xO', 3),
(6, 'Clayton', 'Mercado', 54, 'Male', 'clayton@gmail.com', 'claytonm', '$2y$10$xYomy0eU2yDh5N9CPS9xcOb.t2MR5OGJ2OcHw4K4pnejjJJ/pZnuu', 2),
(7, 'Lynylle', 'Capacite', 25, 'Female', 'LynCap@gmail.com', 'LynC', '$2y$10$s5sfMnyqeNN57mcxWvcFV.9c4ZRCX8XpVOuX4pvrWjktSl5lxmt4.', 3),
(8, 'Lyn', 'Caas', 69, 'Female', 'lyn@gmail.com', 'lyn', '$2y$10$0pHNy9PXf0s6pHqJjYrwvegPPSIYI9NUW9wrSBjbpraUqSjr6Ll0i', 2),
(19, 'Tester2', 'Test', 60, 'Male', 'tester2@gmail.com', 'tester', '$2y$10$xzh4iTtvVOZH1/ICwNaJ/ui23B6E1gG9GQSedjwm5w/58G7CmEIMW', NULL),
(25, 'Gar', 'Nys', 65, 'Male', 'gar@gmail.com', 'gar', '$2y$10$zRDIDCa8HgOtK8SOglhdPOLQSZfVGqmdBGbxvLBn2HRPkGqkLL9bm', 2),
(26, 'Harvey', 'Clayton', 45, 'Male', 'harvey@gmail.com', 'harvey', '$2y$10$PvunOsnuVwQgB2KsxowzYOSIBMWnrhlhAkBnbkBS2RgnOLKxSAzmK', 3),
(27, 'Has', 'Sa', 45, 'Male', 'has@gmail.com', 'has', '$2y$10$cHHE3k73ZWcsDYTYkWXKSud6snMZPvdC/JaQfD.ztNVCljaR4tJP.', 3),
(28, 'Sid', 'Meryl', 76, 'Male', 'sid@gmail.com', 'sid', '$2y$10$sjgr.CHBHpcIaeAGi97GV.YARwKryRp7QFOMSaYOU0gshMr6AQ1m2', 2),
(29, 'Elly', 'McBlaire', 66, 'Female', 'elly@gmail.com', 'elly', '$2y$10$rDiN5DguZ5UzWXP.tcV9/OGJEDQEAuhSXwahYE3iXJGwPgSqijjqm', 2),
(32, 'Harvey', 'Mercado', 26, 'Male', 'dboyclayton@gmail.com', 'dboy', '$2y$10$MZa3gYiOaoTIRjuNviE3ROXG7G/IqmMnYELNYDH9qi2.Qh3lat0I.', 3),
(33, 'Garl', 'Ebanez', 65, 'Male', 'test10@gmail.com', 'Garl', '$2y$10$FYcn4P6BDZInKyzrhiDNMu7Z.CRDuggtMs3gnGRpkkcBxDbc/3ZIe', 2);

--
-- Indexes for dumped tables
--

--
-- Indexes for table `appointment`
--
ALTER TABLE `appointment`
  ADD PRIMARY KEY (`appointmentId`),
  ADD UNIQUE KEY `unique_appointment` (`seniorId`,`professionalId`,`service_name`,`appointment_date`,`appointment_time`);

--
-- Indexes for table `available_doctors`
--
ALTER TABLE `available_doctors`
  ADD PRIMARY KEY (`availableId`);

--
-- Indexes for table `forum`
--
ALTER TABLE `forum`
  ADD PRIMARY KEY (`forumId`);

--
-- Indexes for table `forum_replies`
--
ALTER TABLE `forum_replies`
  ADD PRIMARY KEY (`forum_repliesId`),
  ADD KEY `topicId` (`topicId`),
  ADD KEY `userId` (`userId`);

--
-- Indexes for table `healthcareprofessional`
--
ALTER TABLE `healthcareprofessional`
  ADD PRIMARY KEY (`professionalId`),
  ADD KEY `userId` (`userId`);

--
-- Indexes for table `medical_records`
--
ALTER TABLE `medical_records`
  ADD PRIMARY KEY (`record_id`),
  ADD KEY `seniorId` (`seniorId`);

--
-- Indexes for table `notifications`
--
ALTER TABLE `notifications`
  ADD PRIMARY KEY (`notificationId`),
  ADD KEY `seniorId` (`seniorId`);

--
-- Indexes for table `payments`
--
ALTER TABLE `payments`
  ADD PRIMARY KEY (`paymentsId`);

--
-- Indexes for table `reports`
--
ALTER TABLE `reports`
  ADD PRIMARY KEY (`reportId`),
  ADD KEY `userId` (`userId`);

--
-- Indexes for table `roles`
--
ALTER TABLE `roles`
  ADD PRIMARY KEY (`roleId`);

--
-- Indexes for table `seniorcitizen`
--
ALTER TABLE `seniorcitizen`
  ADD PRIMARY KEY (`seniorId`),
  ADD UNIQUE KEY `email` (`seniorEmail`);

--
-- Indexes for table `services`
--
ALTER TABLE `services`
  ADD PRIMARY KEY (`serviceId`);

--
-- Indexes for table `user_info`
--
ALTER TABLE `user_info`
  ADD PRIMARY KEY (`userId`),
  ADD UNIQUE KEY `email` (`email`),
  ADD UNIQUE KEY `username` (`username`),
  ADD KEY `roleId` (`roleId`);

--
-- AUTO_INCREMENT for dumped tables
--

--
-- AUTO_INCREMENT for table `appointment`
--
ALTER TABLE `appointment`
  MODIFY `appointmentId` int(11) NOT NULL AUTO_INCREMENT, AUTO_INCREMENT=23;

--
-- AUTO_INCREMENT for table `available_doctors`
--
ALTER TABLE `available_doctors`
  MODIFY `availableId` int(11) NOT NULL AUTO_INCREMENT, AUTO_INCREMENT=8;

--
-- AUTO_INCREMENT for table `forum`
--
ALTER TABLE `forum`
  MODIFY `forumId` int(11) NOT NULL AUTO_INCREMENT, AUTO_INCREMENT=21;

--
-- AUTO_INCREMENT for table `forum_replies`
--
ALTER TABLE `forum_replies`
  MODIFY `forum_repliesId` int(11) NOT NULL AUTO_INCREMENT, AUTO_INCREMENT=8;

--
-- AUTO_INCREMENT for table `healthcareprofessional`
--
ALTER TABLE `healthcareprofessional`
  MODIFY `professionalId` int(7) NOT NULL AUTO_INCREMENT, AUTO_INCREMENT=10;

--
-- AUTO_INCREMENT for table `medical_records`
--
ALTER TABLE `medical_records`
  MODIFY `record_id` int(11) NOT NULL AUTO_INCREMENT;

--
-- AUTO_INCREMENT for table `notifications`
--
ALTER TABLE `notifications`
  MODIFY `notificationId` int(11) NOT NULL AUTO_INCREMENT, AUTO_INCREMENT=7;

--
-- AUTO_INCREMENT for table `payments`
--
ALTER TABLE `payments`
  MODIFY `paymentsId` int(11) NOT NULL AUTO_INCREMENT;

--
-- AUTO_INCREMENT for table `reports`
--
ALTER TABLE `reports`
  MODIFY `reportId` int(11) NOT NULL AUTO_INCREMENT, AUTO_INCREMENT=2;

--
-- AUTO_INCREMENT for table `roles`
--
ALTER TABLE `roles`
  MODIFY `roleId` int(11) NOT NULL AUTO_INCREMENT, AUTO_INCREMENT=4;

--
-- AUTO_INCREMENT for table `seniorcitizen`
--
ALTER TABLE `seniorcitizen`
  MODIFY `seniorId` int(11) NOT NULL AUTO_INCREMENT, AUTO_INCREMENT=6;

--
-- AUTO_INCREMENT for table `services`
--
ALTER TABLE `services`
  MODIFY `serviceId` int(11) NOT NULL AUTO_INCREMENT, AUTO_INCREMENT=33;

--
-- AUTO_INCREMENT for table `user_info`
--
ALTER TABLE `user_info`
  MODIFY `userId` int(11) NOT NULL AUTO_INCREMENT, AUTO_INCREMENT=34;

--
-- Constraints for dumped tables
--

--
-- Constraints for table `medical_records`
--
ALTER TABLE `medical_records`
  ADD CONSTRAINT `medical_records_ibfk_1` FOREIGN KEY (`seniorId`) REFERENCES `seniorcitizen` (`seniorId`) ON DELETE CASCADE;

--
-- Constraints for table `notifications`
--
ALTER TABLE `notifications`
  ADD CONSTRAINT `notifications_ibfk_1` FOREIGN KEY (`seniorId`) REFERENCES `seniorcitizen` (`seniorId`) ON DELETE CASCADE;
COMMIT;

/*!40101 SET CHARACTER_SET_CLIENT=@OLD_CHARACTER_SET_CLIENT */;
/*!40101 SET CHARACTER_SET_RESULTS=@OLD_CHARACTER_SET_RESULTS */;
/*!40101 SET COLLATION_CONNECTION=@OLD_COLLATION_CONNECTION */;
